118710389
,118713312
,118713202
,118711006
,118713235
,118721261
,118762140
,118710153
,118712552
,118761702
,118741960
,118728039
,118728618
,118897939
,118713014
,118709132
,118722662
,118709080
,118766936
,118756710
,118761634
,118714164
,118721771
,118708664
,118748948
,118709345
,118761631
,118722168
,118750158
,118727862
,118711687
,118770574
,118721437
,118711406
,118722622
,118709840
,118717835
,118708613
,118761772
,118721687
,118766816
,118709716
,118710492
,118708821
,118715601
,118761679
,118762150
,118711680
,118717516
,118770451
,118708644
,118766924
,118721496
,118720458
,118711873
,118736014
,118749047
,118710781
,118749198
,118713224
,118741893
,118709648
,118710293
,118756216
,118756566
,118713458
,118770728
,118710947
,118750182
,118762069
,118719128
,118749872
,118770851
,118723216
,118756443
,118748778
,118711051
,118710072
,118709701
,118723123
,118713120
,118720247
,118756317
,118728311
,118717438
,120048958
,118712250
,118721304
,118722134
,118766467
,118728488
,118766613
,118710992
,119174745
,118713356
,118728006
,118766764
,118713944
,118710305
,118710839
,118715967
,118710559
,118710327
,118710812
,118711588
,118709603
,118735948
,118712050
,118709533
,118717034
,118749427
,118741924
,118712419
,118713546
,118708606
,118711325
,118719017
,118749800
,118711853
,118848887
,118710477
,118722130
,118770780
,118709812
,118710447
,118749259
,118709752
,118708861
,118718370
,118711294
,118710907
,118709563
,118713895
,118721795
,118710610
,118727975
,118750012
,118715504
,118756147
,119445670
,118715905
,118710047
,118715112
,118711697
,118709256
,118719560
,118756575
,118728451
,118711732
,118761650
,118755978
,118713766
,118719643
,118719611
,118714333
,118718767
,118719124
,118750210
,118720755
,118718799
,118718342
,118720527
,118720446
,118712431
,118710231
,118710017
,118761794
,118710751
,118735854
,118735868
,118713794
,118749072
,118712651
,118710239
,118710895
,118766551
,118755992
,118720789
,118719641
,119367641
,118710881
,118711498
,118736039
,118750150
,118713271
,118709446
,118713957
,118716287
,118980180
,118720619
,118766471
,118713640
,118721129
,118721827
,118721643
,118749895
,118709428
,118713573
,118711908
,118710487
,118709281
,118710404
,118710721
,118708998
,118710951
,118718893
,118710009
,118719833
,118721455
,118719740
,118710602
,118710696
,113610633
,118719389
,118709288
,118748923
,118710349
,118709398
,118720478
,118718410
,118708563
,118709741
,118710128
,118715302
,118711011
,118721151
,118712294
,118709254
,118721725
,118711784
,118709268
,118718662
,118709312
,118709334
,118709298
,118709944
,118718021
,118709732
,118709989
,118711992
,118708621
,118709013
,118708732
,118710571
,118714045
,118709421
,118709292
,118709266
,118709284
,118709241
,118708988
,118708892
,118709300
,118709015
,118721657
,118709131
,118708958
,118721679
,118708742
,118709027
,118709353
,118709412
,118710924
,118708646
,118718190
,118708627
,118708580
,118721689
,118721711
,118721639
,118721853
,118709054
,118717978
,118708598
,118709095
,118708684
,118718394
,118717974
,118717968
,118718265
,118718223
,118709019
,118718310
,118718022
,118708702
,118717987
,118718073
,118718002
,118709219
,118721717
,118718257
,118708853
,118709197
,118709172
,118708547
,118709179
,118718420
,118718143
,118718325
,118718452
,118709044
,118708945
,118718019
,118718243
,118709634
,118708866
,118708811
,118721733
,118718231
,118708864
,118710440
,118708917
,118718203
,118718030
,118708855
,118708816
,118718044
,118718235
,118718162
,118718359
,118717900
,119087499
,118721755
,118709146
,118708835
,118709522
,118717953
,118708769
,118708655
,118718660
,118718378
,118709246
,118708818
,118718466
,118708848
,118718587
,118708920
,118708749
,118709035
,118709270
,118718595
,118708657
,118718450
,118709529
,118709425
,118721695
,118709021
,118709113
,118718652
,118718526
,118718212
,118709142
,118718426
,118719912
,118708615
,118718686
,118709330
,118709065
,118718710
,118709274
,118719472
,118718086
,118718831
,118709321
,118708798
,118709290
,118708890
,118708728
,118718736
,118718612
,118718819
,118709127
,118709355
,118718718
,118709190
,118718790
,118718600
,118709154
,118718573
,118708553
,118718429
,118708814
,118718810
,118721647
,118709210
,118718592
,118718753
,118718706
,118709442
,118718769
,118718748
,118709385
,118709307
,118718657
,118718685
,118717898
,118709682
,118708696
,118721747
,118708685
,118708576
,118708970
,118719030
,118718396
,118708977
,118709655
,118709325
,118718156
,118709449
,118717894
,118718160
,118718341
,118718354
,118717576
,118718386
,118718091
,119419254
,118709627
,118708571
,118718576
,118709558
,118719073
,118718973
,118709386
,118709053
,118708714
,118708791
,118719086
,118709669
,118709698
,118709608
,118709313
,118709585
,118709570
,118709467
,118719065
,118721801
,118719023
,118709671
,118709417
,118709405
,118709673
,118709258
,118718906
,118718177
,119258906
,118708959
,118718194
,118709719
,118709694
,118709676
,118709576
,118718949
,118709556
,118709538
,118709378
,118709388
,118709545
,118709415
,118719025
,118719111
,118721843
,118709613
,118718936
,118709459
,118709234
,118721837
,118709696
,118719074
,118719228
,118709239
,118709494
,118709507
,118709575
,118709666
,118709704
,118719044
,118718873
,118710254
,118721887
,118709492
,118711451
,118709488
,118709631
,118710384
,118709645
,118718916
,118709482
,118710372
,118722299
,118710274
,118709972
,118709480
,118709973
,118719455
,118718975
,118721945
,118709514
,118721987
,118710346
,118709935
,118709515
,118721893
,118711909
,118709857
,118719699
,118711081
,118719340
,118719283
,118710378
,118721995
,118719824
,118710182
,118711056
,118710049
,118711107
,119697782
,118710422
,118719243
,118709863
,118709983
,118719875
,118719272
,21593405
,118719270
,118710712
,118721869
,118925906
,118719310
,118709904
,118719198
,118710096
,118710411
,118710104
,118719966
,118713742
,118710080
,118710427
,118721951
,118719256
,118709888
,118719640
,118721905
,118710147
,118710444
,118709765
,118710087
,118719218
,118719306
,120101455
,118710122
,118710282
,118710399
,118709924
,118719470
,118719610
,118719494
,118710038
,118709723
,118719540
,118721961
,118719414
,118722064
,118711818
,118712879
,118719466
,118711137
,118719536
,118719408
,118710045
,118710020
,118711015
,118710065
,118719185
,118719501
,118710416
,118719658
,118719547
,118719710
,118710434
,118719617
,118710298
,118710401
,118721885
,118722094
,118712375
,118719381
,118722009
,118719403
,118719928
,118710037
,118719685
,118710110
,118719371
,118719793
,118722025
,118719447
,118710148
,118719545
,118710497
,118710161
,118719226
,118710499
,118710294
,118710522
,118719772
,118719770
,118709858
,118710507
,118710136
,118713671
,118710594
,118710176
,118709916
,118710726
,118710651
,118710483
,118710309
,118719587
,118710685
,118710528
,118711014
,118710268
,118710466
,118710272
,118710473
,118710060
,118710467
,118710319
,118712002
,118721975
,118719730
,118711046
,118710625
,118710464
,118752389
,118710015
,118710489
,118710550
,118710044
,118710593
,118710605
,118710633
,118710081
,118719775
,118711106
,118710576
,118710587
,118710538
,118719437
,118719784
,118710478
,118719756
,118719745
,118710621
,118710640
,118720288
,118710505
,118710584
,118722112
,118722052
,118719869
,118710554
,118710655
,118721963
,118719926
,118710616
,118711075
,118711950
,118711112
,118711088
,118710801
,118722078
,118710795
,118719922
,118710831
,118711085
,118710823
,118710850
,118710857
,118710321
,118719950
,118719895
,118711102
,118719918
,118719482
,118727823
,118711060
,118710515
,118719940
,118711136
,118711027
,118722156
,118710969
,118712340
,118719953
,118710806
,118713779
,118710932
,118710886
,118711044
,118710934
,118710980
,118719930
,118711381
,118722142
,118711614
,118711035
,118711708
,118711803
,118710730
,118710753
,118711572
,118711638
,118711384
,118711866
,118711368
,118711786
,118711812
,118711769
,118711342
,118711397
,118711728
,118711386
,118711362
,118711387
,118711595
,118711924
,118711730
,118720529
,118710956
,118711832
,118710960
,118722193
,118722239
,118720318
,118711634
,118720665
,118720167
,118711918
,118720499
,118720440
,118722256
,118720141
,118711959
,118717559
,118720348
,118711589
,119666233
,118711984
,118712000
,118711419
,118711347
,118720332
,118720424
,118720607
,118711813
,118719991
,118711389
,118711954
,118711927
,118720414
,118711356
,118711550
,118711434
,118720326
,118720360
,118711377
,118711473
,118711568
,118714037
,118711941
,118720036
,118722273
,118720605
,118720070
,118711403
,118720560
,118711447
,118711427
,118720181
,118720198
,118711642
,118711002
,118722219
,118711508
,118712007
,118711874
,118711204
,118711421
,118712016
,118720090
,118720448
,118711749
,118720583
,118711205
,118672163
,118720648
,118720389
,118720544
,118711751
,118711530
,118711660
,118711768
,119024031
,118720241
,118711474
,118711580
,118711457
,118720275
,118711667
,118711673
,118711799
,118722290
,118711432
,118711704
,118711446
,118711610
,118722316
,118711839
,118720491
,118727970
,118711541
,118711437
,118711843
,118720571
,118711522
,118711841
,118711623
,118712008
,118720257
,118711890
,118711793
,118711315
,118711835
,118711966
,118711607
,118711576
,118711653
,118711944
,118711300
,118711674
,118720485
,118720310
,118722442
,118711715
,118720304
,118720623
,118711886
,118720683
,118720635
,118712055
,118748654
,118720685
,118909447
,118711827
,118720660
,118712047
,118712452
,118722678
,118712036
,118712356
,118722367
,118712033
,118712443
,118712973
,118712852
,118713185
,118712610
,118712522
,118712832
,97390935
,118712421
,118712403
,118712870
,118712760
,118712584
,118712474
,118712689
,118712699
,118712087
,118712267
,118712079
,118712701
,118712857
,118722350
,118712506
,118712571
,118712678
,118712813
,118712619
,118722352
,118712817
,118712091
,118712090
,118712554
,118712928
,118712954
,118712803
,118712931
,118712781
,118712606
,118722327
,118712636
,118712588
,118712666
,118712720
,118712843
,118713379
,118712646
,118712728
,118712737
,118712738
,118712373
,118712833
,118712748
,118722381
,118712488
,118712395
,118712767
,118712903
,118712542
,118712507
,118712472
,118712515
,118712752
,118712462
,118712454
,118722335
,118712529
,118712691
,118712794
,118712545
,118712782
,118712802
,118712565
,118712711
,118712497
,118712923
,118712934
,118712945
,118712207
,118712696
,118712604
,118712970
,118713486
,118712253
,118713158
,118712313
,118712344
,118712504
,118755930
,118712326
,118713075
,118712466
,118712271
,118713021
,118712899
,118712963
,118722394
,118713087
,118713049
,118713052
,118713095
,118713080
,118713060
,118712282
,118720972
,118713045
,118713088
,118712944
,118713071
,118712990
,118713194
,118713015
,118712991
,118713034
,118712978
,118712365
,118713029
,118712402
,118716307
,118713147
,118713113
,118713128
,118713176
,118716726
,118712447
,118722375
,118712451
,118722416
,118713166
,118713137
,118720742
,118722405
,118713559
,118713007
,118750165
,118720771
,118713000
,8873609
,118713214
,118713001
,118713011
,118713149
,118722403
,118720762
,118713226
,118770459
,118713249
,118713105
,118720808
,118713256
,118720872
,118713389
,118713471
,118713535
,118713493
,118720851
,118720844
,118713765
,118720807
,118713346
,118713475
,118713331
,118720876
,118720963
,118717657
,118713358
,118720895
,118720834
,118728538
,118722539
,118728579
,118713508
,118713432
,118736033
,118716241
,118713456
,118713279
,118722492
,118713397
,118713570
,118713440
,118713497
,118722591
,118713413
,118713453
,118722452
,118722471
,118720831
,118720927
,118722458
,118713392
,118720943
,118713375
,118713423
,118713373
,118713416
,118722716
,118722588
,118713430
,118722599
,118722709
,118722638
,118722648
,118713761
,118780123
,118713644
,118717635
,118717013
,118720916
,118713694
,118713463
,118713581
,118713571
,118713606
,118713670
,118722577
,118720934
,118722505
,118713619
,118722513
,118722632
,119737112
,118722714
,118713548
,118722616
,118713552
,118713626
,118720957
,118713699
,118727987
,118722497
,118713630
,118722646
,118713650
,118722866
,118722690
,118720952
,118713731
,118713710
,118713689
,118713686
,118713704
,118687829
,118713718
,118713682
,118761670
,118713769
,118722744
,118713770
,118713774
,118722694
,118713874
,118720999
,118722812
,118722858
,118722736
,118713790
,118722781
,118714154
,118713974
,118713995
,118722804
,118714017
,118714003
,118722789
,118722799
,118713928
,118713983
,118714087
,118713993
,118713915
,118713929
,118722757
,118713831
,118713912
,118722775
,118713881
,118722839
,118714046
,118713899
,118722795
,118722761
,118722855
,118749928
,118713859
,118721003
,118714138
,118713855
,118713858
,118721031
,118713931
,118713971
,118713959
,118714117
,118711271
,118714148
,118714184
,118721095
,118714205
,118714077
,118714058
,118714071
,118728383
,118714130
,118714202
,118714112
,118728020
,118721078
,118714107
,118714273
,118714382
,118714241
,118756339
,118714421
,118722889
,118714229
,118721139
,118709873
,118714307
,118714345
,118714285
,118714255
,118714328
,118721107
,118714369
,118714401
,118714482
,118714406
,118714456
,118714438
,118714508
,118714469
,118714287
,118714462
,118714492
,118722906
,118722885
,118714436
,118721197
,118714517
,118721182
,118721411
,118721391
,118721294
,118721368
,118721389
,118750053
,118722939
,118715142
,118722951
,118715324
,118714969
,118715676
,118715506
,118723367
,118716383
,118716215
,118715366
,118715715
,118721205
,118714585
,118716424
,118715449
,118721279
,118715415
,118715596
,118715183
,118721318
,118721418
,118715350
,118728827
,118714592
,118715229
,118715225
,118715308
,118721374
,118716550
,118723365
,118715376
,118716596
,118715114
,118715051
,118715092
,118715001
,118716411
,118714646
,118723351
,118722915
,118715215
,118716397
,118716528
,118715077
,118715558
,118714945
,118716329
,118715240
,118717122
,118716462
,118715576
,118714924
,118735873
,118728495
,118715761
,118715162
,118714960
,118715364
,118715134
,118716023
,118715069
,118715679
,118716331
,118715267
,118716500
,118723349
,118715799
,118717249
,118722981
,118715033
,118714867
,118715023
,118714904
,118716439
,118722931
,118716343
,118716744
,118716352
,118717580
,118716538
,118716585
,118717513
,118716261
,118742227
,118717546
,118715842
,118714862
,118715841
,118721561
,118715971
,118715765
,118770705
,118714889
,118716244
,118715868
,118717542
,118715746
,118715890
,118715880
,118715701
,118717535
,118715957
,118721333
,118715032
,118716634
,118716145
,118715940
,118716181
,118716089
,118717251
,118721352
,118717106
,118717184
,118715853
,118715929
,118716187
,118715644
,118716053
,118717504
,118717321
,118716161
,118716034
,118716102
,118721328
,118717166
,118716285
,118716614
,118717349
,118716632
,118721541
,118715320
,118717377
,118707584
,120064912
,118717355
,118716680
,118716485
,118715508
,118716880
,118716511
,118716149
,118716458
,118716564
,119887052
,118716410
,118717339
,118716711
,118722945
,118716129
,118716657
,118717048
,118717408
,118716695
,118761745
,118716829
,118717160
,118717291
,118716831
,118717269
,118717497
,118717224
,118716954
,118716801
,118716997
,118716924
,118716934
,118728167
,118717225
,118715726
,118716972
,118715778
,118715810
,118716798
,118716776
,118715608
,118716918
,118723076
,118717017
,118717284
,118716851
,118717227
,118728400
,118717495
,118716974
,118716916
,118717463
,118715823
,118717612
,118721585
,118721327
,118717705
,118717436
,118717455
,118717089
,118717446
,118717148
,118715994
,118784402
,118717479
,118716873
,118716860
,118716889
,118721606
,118721531
,118717140
,118717799
,118756399
,118723386
,118717672
,118723207
,118723391
,118723108
,118723103
,118723231
,118723120
,118717779
,118717683
,118723347
,118717714
,118723174
,118723086
,118723154
,118721595
,118723166
,118723104
,118723055
,118723158
,118761878
,118723058
,118723070
,118723138
,118717659
,118723087
,118717821
,118717841
,118717610
,118717737
,118723185
,118723240
,118723193
,118721620
,118723152
,118723219
,118723144
,118727866
,118728090
,118728035
,118728553
,118728513
,118728592
,118727913
,118728095
,118727801
,118728156
,118727777
,118723243
,118728161
,118728187
,118728122
,118727896
,118727792
,118727909
,118891892
,118728047
,118727914
,118728106
,118728112
,118727773
,118728077
,118728040
,118728091
,118728063
,118727786
,118727802
,118728131
,118727930
,118727799
,118748827
,118727858
,118728055
,118728193
,118727815
,118727818
,118727842
,118727809
,118728058
,118728250
,118727851
,118728030
,119511095
,118727888
,118727887
,118723326
,118727831
,118723310
,118728044
,118727933
,118728123
,118727956
,118728064
,118727771
,118723308
,118728333
,118728282
,118735921
,118728301
,118727997
,118728632
,118728319
,118728048
,118727980
,118728252
,118728286
,118728203
,118728338
,118728828
,118728529
,118728570
,118728640
,118728257
,118728244
,118728458
,118728856
,118728231
,118728046
,118728341
,118728483
,118728209
,118728344
,118728219
,118742269
,118728292
,118728600
,118728379
,118728409
,118728372
,118728364
,118728435
,118728348
,118728439
,118728650
,118728653
,118728377
,118728371
,118728354
,118728469
,118728459
,118736075
,118728603
,118735972
,118728473
,118742111
,118728404
,118728808
,118735956
,118735932
,118735858
,118736070
,118735950
,118728840
,118735783
,118728834
,118735778
,118735995
,118735881
,118736004
,118735910
,118736085
,118735776
,118750125
,118735985
,118735848
,118735882
,118735896
,118735938
,118735997
,118736093
,118750088
,118735804
,118735766
,118735793
,118728194
,118767336
,118735816
,118736028
,118736045
,118736850
,118736068
,118736103
,118756392
,118736989
,118736011
,118736098
,118736856
,118736031
,118742190
,118742069
,119750800
,118742219
,118742169
,118742210
,118742202
,118741971
,118742066
,118742085
,118742094
,118742037
,118742109
,118742019
,118741979
,118741949
,118741946
,118742145
,118741863
,118741996
,118742077
,118742051
,118741984
,118741978
,118736926
,118741937
,118741925
,118741910
,118756629
,118742239
,118742176
,118742308
,118741900
,118736934
,118741935
,118742057
,118742096
,118742136
,118736976
,118742027
,118742220
,118737074
,119854363
,118741878
,118742299
,118756679
,118742283
,118755950
,119412369
,118742314
,118742149
,118750063
,118742343
,118750219
,118742336
,118742255
,118742028
,118761574
,118742209
,118742247
,118761790
,118756303
,118749840
,118742280
,118749962
,118742233
,118750113
,118750141
,118748859
,118749258
,118748860
,118748931
,118749324
,118749269
,118748839
,118748905
,118749014
,118749239
,118750122
,118749223
,118749077
,118749119
,118749159
,118748999
,118749009
,118748776
,118749032
,118748966
,118749148
,118749426
,118749217
,118742756
,118749191
,118748890
,118748849
,118748929
,118749166
,118748814
,118742910
,118749022
,118766601
,118749092
,118749325
,118749281
,118749088
,118749384
,118748936
,118749187
,118749132
,118749105
,118748971
,118749303
,118748990
,118749270
,118748886
,119980480
,118748988
,118742817
,118748959
,118749212
,118749033
,118742838
,118749176
,118749267
,118742829
,118742828
,118749061
,118749108
,118749945
,118749123
,118749225
,118749365
,118749147
,118749117
,118749286
,118749243
,118749305
,9020860
,118749361
,118742856
,118749350
,118750135
,118749397
,118748797
,118749416
,118755859
,118750833
,118748837
,118749388
,118748714
,118748765
,118748626
,118749417
,118749996
,118756604
,118749226
,118748834
,118748742
,118749339
,118748673
,118748786
,118749399
,118748800
,118748696
,118748754
,120017995
,118749490
,118749516
,118749536
,118749465
,118749566
,118749520
,118749559
,118756081
,118749701
,118749584
,118749723
,118749573
,118749712
,118749601
,118748732
,118749667
,118749729
,118750008
,118749512
,118749630
,118749653
,118749640
,118749495
,118749587
,118749613
,118749746
,118749654
,118748615
,118749477
,118749471
,118749129
,118749676
,118749741
,118756118
,118749519
,118749494
,118749714
,118749548
,118750123
,118748915
,118749544
,118770542
,118749509
,118756437
,118749760
,118749944
,118749969
,118749647
,118749811
,118750154
,118749919
,119040732
,119101851
,118749661
,118749918
,118749891
,118749888
,118749784
,118749856
,118749858
,118749751
,118749436
,118750193
,118749815
,118749894
,118749632
,118756192
,118749773
,118750044
,118750224
,118750096
,118750673
,118750034
,118749608
,118749978
,118750027
,118750218
,118750011
,118750074
,118750035
,118749991
,118749958
,118750492
,118750106
,118750509
,118750091
,118750518
,118750500
,118750531
,118750526
,118756374
,118756670
,118756661
,118756747
,118756744
,118756238
,118756138
,118756111
,118755820
,118756094
,118756073
,118750651
,118750555
,118750561
,118755838
,118755952
,118756052
,118761845
,118854789
,118756338
,118756755
,118756124
,118750608
,118756045
,118766909
,118756162
,118756817
,118756244
,118755813
,118756080
,118756030
,118750583
,118756008
,118755918
,118750606
,118750592
,118755989
,118756167
,118756019
,118756208
,118756148
,118756255
,118755784
,118750660
,118755935
,118756180
,118756268
,118755970
,118756866
,118756769
,118756186
,118755962
,118756228
,118756291
,118755990
,118756067
,118750838
,118761711
,118756667
,118756651
,118770913
,118756384
,118756382
,118756369
,118755899
,118756861
,118756397
,118756198
,118756799
,118756336
,118756298
,118755785
,118756455
,118756449
,118756389
,118756350
,118756790
,118756806
,118755803
,118756828
,118756830
,118756092
,118756360
,118755865
,118756714
,119290446
,118770916
,118756821
,118756324
,118756429
,118756346
,118756841
,118756415
,118756859
,118750507
,118756557
,119378985
,118756663
,118756862
,118756527
,118756852
,118756858
,118756849
,118756464
,118756497
,118757133
,118756686
,119095885
,118756513
,118756537
,118756593
,118756548
,118756585
,118757075
,118756613
,118757210
,118757122
,118757111
,118757072
,118756511
,118756622
,118756691
,118756636
,118757103
,118757114
,118756884
,118757096
,118762159
,118762177
,118770588
,118756701
,118761511
,118762168
,118761690
,118761567
,118761549
,118761605
,118762061
,118761648
,118761660
,118761641
,118761555
,118761990
,118761744
,118761965
,118761578
,118761542
,118762025
,118761612
,118761756
,118761980
,118761723
,118757268
,118762038
,118757186
,118761734
,118757068
,118761998
,118762031
,118762054
,118757177
,118761970
,118761961
,118761987
,118762081
,118761978
,118762064
,118762051
,118761951
,118757280
,118761680
,118761688
,119235927
,118762020
,118761812
,118761813
,118761540
,118761806
,118761886
,118762187
,118761872
,118761496
,118770682
,118761808
,118770524
,118761693
,118979656
,118761842
,118762124
,118762171
,118762097
,118770979
,118761896
,118761692
,118761907
,118761864
,118762121
,118761849
,118761914
,118762157
,118761920
,118761925
,118762440
,118762487
,118766921
,118767010
,118766917
,118766478
,118766734
,118766541
,118766500
,118766507
,118762443
,118762472
,118766528
,118766986
,118766696
,118766645
,118762496
,118766494
,118762459
,118766459
,118766477
,118762492
,118766564
,118766479
,118766453
,118766534
,118766472
,118766488
,118766503
,118766654
,119570187
,118766511
,118766756
,118766759
,118762508
,118766670
,118766657
,118766446
,118762524
,118762522
,118766712
,118766596
,118766732
,118770569
,118766733
,118766571
,118766822
,118766720
,118766928
,118766796
,120100845
,118766818
,118766600
,118766823
,118766856
,118766854
,118766861
,118766771
,118766838
,118766785
,118766620
,118766892
,118766953
,118766949
,118766938
,118766925
,118766975
,118766990
,118766874
,118766935
,118767018
,118766972
,118766865
,118766997
,118761910
,118766859
,118767032
,118767233
,118766976
,118766913
,118770952
,118770498
,118770965
,118770643
,118770579
,118770618
,118770837
,118770881
,118770785
,118770778
,118770862
,118770956
,118770480
,118770629
,118770853
,118767214
,118770559
,118770648
,118767330
,118767324
,118770501
,118770478
,118770637
,118770919
,118770816
,118770737
,118770752
,118770690
,118770490
,118770801
,118770711
,118770791
,118770474
,118770651
,118770771
,118770665
,118770613
,118770748
,118770798
,118770657
,118770663
,118770512
,114688640
,118770554
,118770829
,118770814
,118770806
,118770942
,118770875
,118770994
,118770927
,118771224
,118771117
,118770552
,118770895
,118771128
,118771132
,118771237
,118771244
,118772690
,118771236
,118771193
,118771194
,118736035
,118709007
,118715339
,118720231
,119809665
,118716289
,118713631
,118714206
,118719687
,118709203
,118712661
,118748631
,118756725
,118717124
,118722589
,118762506
,118718462
,118761703
,118713209
,118718323
,118722310
,118709977
,118710963
,118728213
,118709299
,118719703
,118756237
,118742001
,118709604
,118710995
,118770514
,118735856
,118756256
,118708867
,118722786
,118718362
,118712546
,118723186
,118720086
,118714276
,118736995
,118713932
,118709085
,118720333
,118713062
,118722392
,118714165
,118713527
,118713984
,118755866
,118710615
,118714715
,118756558
,118714060
,118712543
,118718860
,118750548
,118713017
,118709215
,119337451
,118711893
,118721360
,118714869
,118718914
,118749492
,118710935
,118713277
,118770871
,118709114
,118711875
,118708741
,118761787
,118710127
,118715116
,118711225
,118709175
,118755822
,118715511
,118756465
,118770580
,118770917
,118718929
,118723385
,118716197
,118710435
,118711036
,118711411
,118727925
,118717774
,118713106
,118728362
,118770548
,118709781
,118728234
,118712742
,118749657
,118742334
,118721719
,118710297
,118756151
,118720713
,118719538
,118721439
,118761869
,118742123
,118727810
,118749970
,118722663
,118742025
,118710664
,118719557
,118719102
,118720561
,118718482
,118713485
,118756250
,118719312
,118710557
,118713069
,118714035
,118749485
,120049188
,118756304
,118719795
,118714330
,118766552
,118719438
,118720289
,118710243
,118708830
,118761752
,118762062
,118715717
,118713678
,118713177
,118728264
,118766977
,118712026
,118713129
,118717379
,118714155
,118714423
,118712376
,118710232
,118717547
,118718135
,118713467
,118713533
,118709871
,118709423
,118709674
,118712499
,118709422
,118721833
,118719942
,118710201
,118719492
,118761962
,118717644
,118728501
,118708803
,118749423
,118728367
,118710530
,118762015
,118770566
,118709317
,118761777
,118761873
,118708554
,118711854
,118713994
,118709149
,118749167
,118709864
,118711460
,118756328
,118709018
,118719849
,118718947
,118709635
,118721510
,118710979
,118710033
,118756164
,118711951
,118709075
,118728204
,118710737
,118713785
,118766950
,118711016
,118717988
,118719047
,118719758
,119674411
,118709332
,118709126
,118709937
,118718289
,118710597
,118710876
,118709689
,118720379
,118736074
,118719924
,118708634
,118718329
,118720843
,118710425
,118708635
,118709101
,118711705
,118742039
,118709483
,118709472
,118709120
,118709766
,118715855
,118714006
,118709310
,118712001
,118708961
,118709340
,118719570
,118719532
,118709016
,118735940
,118709056
,118709534
,118708982
,118736842
,118749889
,118708891
,118709548
,118708994
,118718273
,118708845
,118718120
,118708971
,118709308
,118709169
,118717928
,118708960
,118702816
,118709656
,118709323
,118717909
,118709071
,118708787
,118721665
,118721661
,118721703
,118708737
,118708707
,118708574
,118708882
,118708900
,119260327
,118708665
,118708636
,118708538
,118708551
,118718215
,118718184
,118708715
,118718071
,118718175
,118708946
,118708686
,118709224
,118718054
,118718497
,118708786
,118718261
,118708991
,118708912
,118708933
,118718528
,118718438
,118718556
,118717920
,118708877
,118709143
,118708801
,118708672
,118708829
,118710551
,118719287
,118718034
,118716598
,118708858
,118709045
,118708679
,118718013
,118709221
,118709076
,118717938
,118717975
,118719863
,119622199
,118709150
,118708896
,118718032
,118709162
,118708947
,118718287
,118709060
,118708643
,118708755
,118708822
,118714953
,118708619
,118718267
,118708888
,118709228
,118717872
,118708865
,118718082
,118718468
,118728814
,118709204
,118709129
,118718594
,118717904
,118718560
,118709181
,118708926
,118718744
,118709217
,118718424
,118721729
,118718250
,118709987
,118709155
,118709861
,118718688
,118718434
,118708647
,118709028
,118718537
,118709212
,118710715
,118718503
,118718797
,118709090
,118718436
,118710222
,118708748
,118718792
,118717993
,118709111
,118718629
,118718824
,118718489
,118718197
,118718700
,118718411
,118718811
,118718638
,118719667
,118718708
,118717960
,118719070
,118718643
,118718602
,119610981
,118718801
,118709337
,118718518
,118709208
,118709226
,118708944
,118718205
,118718574
,118718729
,118718772
,118718621
,118718551
,118708567
,118709206
,118711086
,118718750
,118718835
,118709380
,118721721
,118721797
,118709314
,118721745
,118714391
,118708799
,118708616
,118708729
,118718163
,118718303
,118718719
,118709014
,118709335
,118718118
,118708979
,118721761
,118709005
,118709008
,118709259
,118709444
,118709271
,118718312
,118709639
,118709001
,118709481
,118718277
,118708583
,118721791
,118721775
,118709470
,118718400
,118709408
,118709431
,118719416
,118708823
,118709590
,118709596
,118709011
,118709573
,118718852
,118718295
,118708721
,118709614
,118709498
,118709493
,118718882
,118710668
,118709087
,118719067
,118709699
,118718511
,118756864
,118708771
,119267121
,118709531
,118709343
,118709560
,118709245
,118709395
,118718505
,118719087
,118709460
,118719113
,119935883
,118710287
,118709611
,118718990
,118709289
,118709273
,118709679
,118721811
,118709667
,118709518
,118709458
,118709427
,118709711
,118709394
,118709447
,118721857
,118709571
,118709403
,118709465
,118719293
,118719038
,118709436
,118709584
,118719008
,118709591
,118709649
,118709583
,118721805
,118718876
,118718564
,118719006
,118710183
,118709620
,118722005
,118710961
,118709975
,118710429
,118719316
,118709880
,118711033
,118719627
,118710029
,118710023
,118710749
,118709900
,118719453
,118710068
,118710061
,118709956
,118709577
,118721933
,118709961
,118713556
,118710437
,118709905
,118721929
,118709841
,118710059
,118719736
,118721947
,118710036
,118719967
,118711052
,118719684
,118709948
,118721927
,118719431
,118710367
,118719877
,118710393
,118719347
,118719715
,118721909
,118721923
,118711072
,118719645
,118719274
,118719814
,118711109
,118748613
,118719275
,118719318
,118709885
,118719351
,118720200
,118709981
,118710116
,118719245
,118710216
,118719932
,118719713
,118719153
,118710133
,118719229
,118709990
,118719257
,118719803
,118721899
,118709901
,118710362
,118719593
,118710181
,118710252
,118722027
,118710271
,118710310
,118722011
,118709800
,118710460
,118719671
,118719175
,118711127
,118710143
,118710149
,118719562
,15766911
,118719599
,118719553
,118719521
,118710267
,118719662
,118710318
,118710054
,118719519
,118719731
,118710240
,118709823
,118719503
,113953959
,118710002
,118722029
,118719425
,119716939
,118719205
,118710347
,118710342
,118710734
,118710283
,118710050
,118981418
,118710385
,118710248
,118722120
,118710108
,118749367
,118710158
,118719391
,118710164
,118710481
,118709865
,118710692
,118710672
,118721983
,118710785
,118710278
,118710311
,118710952
,118709976
,118710973
,118719689
,118709852
,118710494
,118710259
,118710456
,118710535
,118710833
,118710476
,118710503
,118710708
,118719786
,118710517
,118722146
,118710565
,118710752
,118710596
,118719845
,118719746
,118710641
,118710699
,118710482
,118710686
,118710689
,118710887
,118719816
,118719488
,118719461
,118710697
,118711560
,118710759
,118710763
,118719776
,118710623
,118710646
,118710725
,118722054
,118710704
,118710679
,118722068
,118722080
,118710588
,119810225
,118710657
,118710291
,118710208
,118719589
,118711070
,118719809
,118710858
,118722116
,118711028
,118710813
,118710457
,118710836
,118722132
,118710832
,118710783
,118711097
,118722148
,118711057
,118710563
,118711065
,118710805
,118710861
,118711047
,118711001
,118710911
,118711162
,118711117
,118710965
,118727852
,118711019
,118711061
,118710981
,118719812
,118711570
,118722144
,118711007
,118711131
,118770664
,118711804
,118711772
,118711721
,118711820
,118711626
,118711398
,118711938
,118710740
,118711091
,118722222
,118710789
,118711851
,118711492
,118710914
,118720277
,118711757
,118711388
,118711971
,118711346
,118711382
,118711369
,118711418
,118711892
,118710990
,118710894
,118711000
,118711449
,118711590
,118722618
,118711716
,118720509
,118711615
,118722292
,118711709
,118720153
,118720408
,118720383
,118711611
,118710942
,119370629
,118720452
,118720158
,118720306
,118719982
,118720375
,118711477
,118711920
,118711357
,118720513
,118720402
,118720493
,118711148
,118711370
,118722187
,118711978
,118720328
,118711335
,118720531
,118711800
,118711816
,118711787
,118711466
,118711753
,118720533
,118720008
,118720312
,118713572
,118720265
,118711788
,118711573
,118720034
,119357783
,118711312
,118720548
,118720649
,118711829
,118711429
,118711443
,118710985
,118711345
,118711737
,118711657
,118711542
,118720291
,118720573
,118711499
,118720462
,118711738
,118711734
,118720625
,118711523
,118722240
,118720479
,118720664
,118720667
,118711507
,118711668
,118770756
,118711654
,118711532
,118711292
,118711636
,118711767
,118711448
,118711661
,118711279
,118712906
,118720113
,118711433
,118720249
,118711756
,118711453
,118711260
,118711681
,118711591
,118711516
,118711842
,118711494
,118711544
,118711797
,118711729
,118712040
,118711840
,118722263
,118711913
,118711645
,118722204
,118711608
,118711698
,119926547
,118720696
,118711511
,118720416
,118720371
,118720460
,118711497
,118720506
,118712343
,118720644
,118720229
,118711884
,118711415
,118720790
,118713712
,118711693
,118722303
,118712048
,118711564
,118722382
,118722337
,118722354
,118712345
,118712044
,118712676
,118712525
,118712396
,118712632
,118712740
,118712508
,118712605
,118712830
,118712068
,118712683
,119231132
,118712034
,118712732
,118712744
,118712707
,118712729
,118712084
,118717844
,118712827
,118712854
,118712475
,118712871
,118712458
,118712858
,118712105
,118712895
,118712704
,119427732
,118712936
,118712946
,118712910
,118712432
,118712855
,118712700
,118712935
,118722356
,118712592
,118712977
,118713136
,118712815
,118712844
,118712768
,118712621
,118712783
,118712138
,118712865
,118712770
,118712589
,118712173
,118712202
,118712568
,118712190
,118712648
,118712797
,118712804
,118712379
,118712144
,118712761
,118712608
,118713215
,118712489
,118713156
,118712407
,118712659
,118712185
,118712754
,118712467
,118712523
,118712719
,118712555
,118712481
,118712441
,118712490
,118712625
,118712836
,119050470
,119614486
,118712974
,118712687
,118749845
,118712950
,118712834
,118712422
,118712315
,118712292
,118770619
,118712328
,118712296
,118712301
,118712258
,118712947
,118712281
,118712891
,118713037
,118712901
,118712966
,118713072
,118770591
,118713041
,118713053
,118712377
,118712975
,118712278
,118713081
,118713046
,118713059
,118712917
,118713061
,118712926
,118712949
,118713090
,119473502
,118713369
,118713138
,118713121
,118712952
,118713186
,118712892
,118712884
,118713196
,118713170
,118713168
,118713236
,118713159
,118713388
,118712538
,118713265
,118713031
,118713154
,118720781
,118720756
,118713003
,118720773
,118722386
,118713203
,118713240
,118722418
,118713225
,118722437
,118713253
,118713250
,118720809
,118720870
,118714038
,118721296
,118720860
,118722446
,118713507
,118713332
,118713347
,118713443
,118713513
,118720885
,118713287
,118713408
,118713401
,118722692
,118722593
,118702467
,119737652
,118711461
,118713472
,118713492
,118713721
,118713431
,118713381
,118713376
,118713359
,118713363
,118722520
,118722711
,118722482
,118713562
,118713604
,118720904
,118713498
,118702391
,118716309
,118727976
,118722496
,118722679
,118722581
,118713894
,118722503
,118720918
,118716075
,118713620
,118720935
,118713601
,118722634
,118713532
,118713518
,118827664
,118720958
,118713655
,118713641
,119817747
,118722650
,119068826
,118722499
,118713680
,118713777
,118713690
,118713719
,118713711
,118756702
,118713729
,118713683
,118713795
,118713755
,118720973
,118713736
,118722733
,118713945
,118713866
,118722784
,118722717
,118721033
,118721274
,118713820
,118714131
,118713934
,118748751
,118713913
,118714072
,118756348
,118713797
,118714090
,118722862
,118713800
,118713916
,118714018
,118713968
,118713896
,119661946
,118713958
,118713973
,118713901
,118722829
,118717187
,118714029
,118722898
,118714484
,118714776
,118713992
,119613045
,118720989
,118714047
,118713961
,118714052
,118714120
,118714139
,119853712
,118721054
,118714219
,118714257
,118714860
,118721009
,118714186
,118721099
,118714175
,118714064
,118714145
,118714016
,118721109
,118721013
,118714389
,118714347
,118714243
,118721130
,118714289
,118714442
,118714081
,118721152
,118714440
,118714371
,118714309
,118714240
,118714379
,118722877
,118721118
,118714291
,118714494
,118714458
,118714408
,118714509
,118714470
,118714231
,118721169
,118721091
,118722891
,118721200
,118714520
,118721186
,118728818
,118721351
,118715614
,118723195
,118715053
,118715227
,118735889
,118714616
,118714537
,118715123
,118715003
,118714551
,118715689
,118707073
,118715603
,118721393
,118716558
,118715098
,118721319
,118721262
,118715223
,118714596
,118715066
,118721309
,118714972
,118716356
,118714576
,118715767
,118710755
,118721376
,118727835
,118715467
,118721375
,118716263
,118714887
,118721434
,118715187
,118715355
,118715598
,118716587
,118715315
,118714703
,118715163
,118716498
,118716444
,118714719
,118715304
,118715392
,118727931
,118715094
,118716295
,118716461
,118716547
,118715132
,118727806
,118714728
,118715476
,118716417
,118715515
,118715564
,118714799
,118715268
,118716566
,118715071
,118716336
,118716237
,118728188
,118716249
,118716465
,118722977
,118715231
,118716426
,118715035
,118714927
,118716246
,118714965
,118714919
,118716239
,118723232
,118715135
,118715153
,118715382
,118715808
,118716385
,118715417
,118714834
,118716541
,118735855
,118716223
,118715389
,118735795
,118716413
,118723352
,118715906
,118717613
,118717614
,118717553
,118716390
,118755804
,118723117
,118716487
,118715654
,118715882
,118717579
,118717568
,118722953
,118721543
,118715870
,118722963
,118715017
,118716188
,118716106
,118721334
,118715942
,118717391
,118715708
,118721335
,118717335
,118717518
,118715973
,118717255
,118717275
,118715918
,118716025
,118717150
,118756096
,118715143
,118717378
,118716151
,118716167
,118716133
,118715396
,118717253
,118717433
,118715892
,118716035
,118717356
,118715862
,118715781
,118715261
,118757104
,118717060
,118715931
,118716153
,118717015
,118716357
,118716057
,118716091
,118716760
,118715958
,118717091
,118716727
,118735893
,118716636
,118716514
,118716713
,118715442
,118716686
,118715584
,118721457
,118717293
,118716618
,118716745
,118717316
,118716659
,118716643
,118716852
,118717231
,118716781
,118716956
,118717108
,118716697
,118717707
,118716803
,118715553
,118721478
,118716922
,118715757
,118721555
,118721497
,118717663
,118728132
,118716935
,118716977
,118715672
,118716928
,118761887
,118716867
,118717448
,118717168
,118716833
,118716799
,118716999
,118717001
,118717485
,119923415
,118717402
,118717049
,118717462
,118716883
,118716848
,118721567
,118936670
,118721339
,118717467
,118717410
,118717419
,118748829
,118717636
,118716890
,118721596
,118716920
,118716975
,118717021
,118717496
,118717760
,118716838
,118721616
,118722985
,118755973
,118723067
,118723128
,118723084
,118723124
,118723206
,118723159
,118723072
,118723375
,118723141
,118723348
,118723171
,118762122
,118723092
,118717084
,118723051
,118723105
,118723156
,118723132
,118717815
,118723208
,118717792
,118717783
,118717716
,118717750
,118727911
,118728107
,118723145
,118723063
,118723201
,118704641
,118717685
,118717842
,118723222
,118723359
,118717591
,118723239
,118723363
,118723180
,118723078
,118728571
,118728560
,118727934
,118717801
,118727962
,118770872
,118728007
,118728148
,118728124
,118728079
,118728515
,118728139
,118727867
,118728174
,118727920
,118728073
,118727988
,118727979
,118727843
,118727857
,118727789
,118727900
,118728181
,118723288
,118728168
,118728093
,118727841
,118728332
,118727937
,118770957
,118727904
,118727784
,118728253
,118727947
,118727923
,118728034
,118728293
,118727819
,118727821
,118727892
,118723309
,118728062
,118727874
,118727778
,118720632
,120018023
,118723336
,118728087
,118728633
,118728269
,118728620
,118756095
,118728641
,118728258
,118728186
,118728545
,118727772
,118728470
,118728539
,118728220
,118728283
,118728321
,118728313
,118728580
,118728211
,118728302
,118770807
,118728830
,118728343
,118728195
,118728490
,118728355
,118728380
,118728373
,118727935
,118728387
,118728430
,118728601
,118728440
,118728444
,118728421
,118728434
,118728396
,118736851
,118728411
,118728551
,118728654
,118728438
,118728349
,118735832
,118728460
,118728480
,118728819
,118728809
,118728843
,118728474
,118728872
,118735788
,118749816
,118735879
,118735798
,118735867
,118735951
,118736005
,118761800
,118735838
,118736097
,118735827
,118735967
,118728889
,118735952
,118736086
,118735917
,118735943
,119302576
,118736015
,118735820
,118735836
,118735770
,118756567
,118735772
,118735925
,118735806
,118750028
,118736047
,118735817
,118736022
,118736040
,118735968
,118735998
,118736026
,118736105
,118736063
,118742191
,118742050
,118742203
,118742155
,118742290
,118742150
,118742257
,118742086
,118742256
,118742097
,118749521
,118736871
,118741886
,118742029
,118741908
,118741932
,118736941
,118736953
,118742058
,118742053
,118741936
,118742078
,118741986
,118741874
,118741926
,118750115
,118741950
,118741912
,118741961
,118742047
,118741998
,118741963
,118750666
,118742067
,118741997
,118741972
,118741980
,118736968
,118742124
,118736983
,118742197
,118749756
,118749675
,118741882
,118742300
,118742295
,118762041
,118742345
,118742141
,118742340
,118742167
,118742164
,118742159
,118762131
,118742320
,118742228
,118742312
,118742353
,118742221
,118742211
,118742270
,118750144
,118748916
,118748864
,118748967
,118749121
,118749454
,118749177
,118749201
,118748677
,118749304
,118748889
,118742898
,118749133
,118749326
,118749273
,118748862
,118748938
,118749109
,118748973
,118749048
,118748950
,118748963
,118749074
,118750128
,118756630
,118749389
,118749091
,118749214
,118748835
,118748980
,118748900
,118749111
,118748743
,118748930
,118749229
,118749331
,118749036
,118749039
,118750136
,118749011
,118748937
,118749062
,118749128
,118742772
,118749246
,118748992
,118749023
,118748850
,118748892
,118749194
,118749001
,118749078
,118749094
,118749228
,118748866
,118749299
,118749034
,118749107
,119242830
,118749370
,118749150
,118749287
,118749356
,118749415
,118749244
,118748661
,118749220
,118749283
,118749307
,118749271
,118749398
,118749979
,118749199
,118750510
,118749400
,118748745
,118749342
,118749353
,118767025
,118742836
,118748768
,118742908
,118748755
,118748763
,118748803
,118748779
,118748698
,118748820
,118748777
,118749553
,118748657
,118748651
,118750119
,118742924
,118749385
,118750167
,118749319
,118749622
,118748801
,118750009
,118756623
,118749688
,118749479
,118749525
,118748738
,118749637
,118749560
,118749537
,118749695
,118749909
,118749570
,118749704
,118749546
,118749643
,118749617
,118749715
,118749917
,118749586
,118748686
,118755953
,118750000
,118749724
,118750180
,118749526
,118749506
,118749672
,118748640
,118749677
,118749534
,118749731
,118749626
,118750107
,118749745
,118749474
,118749664
,118750146
,118749602
,118749467
,118749946
,118756050
,118749842
,118749839
,118749785
,118749004
,118750162
,118749532
,118756295
,118749775
,118766737
,118749921
,118749875
,118749780
,118750201
,118749802
,118749868
,118750184
,118749762
,118749824
,118761550
,118749597
,118749930
,118750065
,118750194
,118750040
,118750047
,118750054
,118750076
,118750220
,118756076
,118749994
,118750045
,118750211
,118749947
,118756134
,118750014
,118750223
,118750527
,118749923
,118761654
,118750083
,118750533
,118750495
,118756139
,118750520
,118750160
,118756804
,118750530
,118755940
,118756231
,118755964
,118750550
,118750093
,118750501
,118756270
,118756046
,118755814
,118755985
,118755967
,118756102
,118755841
,118756074
,118756653
,118756100
,118756083
,118756146
,118755849
,118756149
,118756015
,118755886
,118755994
,118755862
,118756171
,118750589
,118756114
,118755996
,118756206
,118756009
,118756671
,118756668
,118757097
,118750619
,118756212
,118756229
,118756772
,118755943
,118756182
,118756780
,118756027
,118756201
,118750855
,118755831
,118756193
,118750652
,118756041
,118750840
,118756723
,118750870
,118756185
,118756377
,118756705
,118756756
,118756222
,118755778
,118756121
,118755788
,118756365
,118756318
,118755810
,118755885
,118756355
,118756794
,118756444
,118756430
,118756680
,118756393
,118756390
,118756829
,118756863
,118756275
,118755874
,118756807
,118756331
,118756400
,118756376
,118756354
,118756310
,118756842
,118756791
,118755911
,118756414
,118756416
,118756831
,118756788
,118756438
,118756867
,118756486
,118756049
,118756538
,118756475
,118756692
,118756576
,118756498
,118756767
,118756514
,118756850
,118756550
,118756690
,118756402
,118757073
,118756614
,118757116
,118757089
,118756490
,118756644
,118756595
,118756586
,118756517
,118756606
,118761821
,118757211
,118756509
,118756541
,118756605
,118757070
,118761712
,118761971
,118762160
,118761632
,118761759
,118762090
,118762070
,118761906
,118762011
,118761952
,118761569
,118761643
,118761749
,118761568
,118761561
,118761999
,118761991
,118762049
,118757164
,118762169
,118761493
,118761724
,118761735
,118761607
,118757249
,118757191
,118761622
,118761533
,118762065
,118762188
,119770699
,118762082
,118762178
,118761709
,118761899
,118762028
,119478398
,118761544
,118757202
,118761661
,118761512
,118761609
,118761748
,118761534
,118761988
,118757274
,118762045
,118761681
,118761671
,118761596
,118761577
,118761521
,118761853
,118761782
,118761829
,118761614
,118761538
,118762105
,118757069
,118761591
,118761795
,118761881
,118761694
,118761859
,118761889
,118762127
,118762123
,118770716
,118761923
,118762189
,118761933
,118762153
,118762483
,118762540
,118766691
,118766465
,118766830
,118766692
,118766760
,118761996
,118766524
,118766569
,118767017
,118766529
,118762489
,118762449
,119688106
,118766726
,118766442
,118766444
,118770903
,118767015
,118766547
,118766574
,118766676
,118766452
,118766661
,118766621
,118766677
,118762480
,118766735
,118766499
,118766495
,118766701
,118762544
,118766663
,118766630
,118766683
,118766725
,118766724
,118762532
,118766697
,118766833
,118766711
,118766626
,118766680
,118766689
,118766993
,118766514
,118766852
,118766811
,118766824
,118766967
,118766758
,118767035
,118766843
,118766788
,118766766
,118766877
,118766930
,118766681
,118766940
,118766941
,118767030
,118766991
,118766919
,118766802
,118766537
,118766873
,118766519
,118766866
,118766897
,118766974
,118766553
,118766963
,118766557
,118767002
,118767223
,118767034
,118770655
,118770968
,118770571
,118770841
,118770864
,118770602
,118770590
,118770456
,118770495
,118770631
,118770469
,118770911
,118770484
,118770533
,118770545
,118770715
,118770454
,118770647
,118770953
,118770639
,118770695
,118770710
,118770698
,118770517
,118770742
,118770692
,118770779
,118770547
,119303473
,118770667
,119585846
,118770678
,118770766
,118770901
,118770794
,118770783
,118770687
,118770535
,118770869
,118770846
,118770928
,118770930
,118770827
,118770855
,118770988
,118770985
,118770887
,118770990
,118771121
,118771120
,118770931
,118770894
,118771130
,118771124
,118771161
,118771232
,118771164
,118771221
,118771257
,118771265
,118771227
,118771381
,118714121
,118766899
,119305232
,118722955
,118710264
,118723059
,96836171
,118712524
,118714472
,118713153
,118719449
,118742812
,118717997
,118742321
,118711038
,118720596
,118715814
,118711423
,118736048
,118709151
,118711993
,118720495
,118719859
,118715422
,118747343
,118713623
,118761672
,97999749
,118717393
,118713656
,118713933
,118713479
,118720720
,118756693
,118713502
,118761623
,118720585
,118716120
,118713406
,118728867
,118756637
,118712132
,118756329
,118713553
,118761552
,118761682
,118749578
,118712805
,118727916
,118714213
,118710241
,118713272
,118719579
,118718088
,118718859
,118720016
,118716491
,118710159
,118708703
,118710320
,118761838
,118711669
,118719130
,118756018
,118709316
,118735991
,118708789
,118770834
,118749359
,118716937
,118728463
,118719851
,118749310
,118709593
,118728036
,118711960
,118720364
,118713243
,118723286
,118713187
,118711907
,118710301
,118712097
,118728624
,118770706
,118709559
,118709486
,118757141
,118717719
,118717980
,118712968
,118713746
,118710736
,118712611
,118727899
,118709404
,118708950
,118770795
,118718552
,119853938
,120074965
,118755988
,118749890
,118711431
,118719728
,118750080
,118710412
,118756290
,118750017
,118717132
,118756239
,118719088
,118710880
,118712397
,118742125
,118709520
,118717856
,118718216
,118718877
,118709309
,118710333
,118714760
,118710069
,118714830
,118711557
,118766932
,118750026
,118761620
,118710879
,118711774
,118736847
,118720653
,118711551
,118710742
,118761571
,118711977
,118712702
,118711373
,118713247
,118770743
,118713568
,118770810
,118713074
,118728642
,118712303
,118713227
,118712295
,118718259
,118750066
,118710380
,118711577
,118708652
,118710549
,118719443
,118718672
,118735897
,118711819
,118709346
,118721202
,118709927
,118715167
,118711688
,118710513
,118712649
,118710926
,118742346
,118713918
,118742068
,118711082
,118727926
,118756703
,118710958
,118710172
,120093370
,118710815
,118720464
,118711952
,118713919
,118749604
,118722275
,118722965
,118719478
,118719343
,118720339
,118749429
,118750205
,118710383
,118710556
,118741974
,118723210
,118713107
,118728259
,118714375
,118722082
,118709144
,118711855
,118710889
,119745902
,118722769
,119691058
,118710363
,118717906
,118708766
,118720475
,118709263
,118719797
,118728094
,118710277
,118712785
,118770632
,118719619
,118713998
,118711931
,118709866
,118717990
,118719810
,118709357
,118709420
,118715280
,118710395
,118709615
,118719345
,118708986
,118709318
,118708568
,118718237
,118710502
,118710053
,118711364
,118709381
,118708718
,118708922
,118709244
,118709354
,118708812
,118708995
,118718376
,118708992
,118721763
,118708788
,118716650
,118709261
,118708556
,118709360
,118708918
,118709399
,118708784
,118718372
,118708694
,118708962
,118708914
,118708863
,118708668
,118708587
,118708701
,118721669
,118708757
,118708570
,118718040
,118718146
,118718562
,118708541
,118708548
,118708622
,118708566
,118718590
,118721781
,118709038
,118709081
,118708575
,118717955
,118721641
,118709384
,118718005
,118718075
,118708893
,118709193
,118708899
,118718010
,118709106
,118708856
,118718428
,118721713
,118709029
,118708935
,118717969
,118708783
,118718327
,118718025
,118718055
,118719247
,118718245
,118718957
,118721649
,118708901
,118709413
,118717949
,118720279
,118709124
,118708929
,118708625
,118708925
,118718225
,118718095
,118721697
,118709223
,118718179
,118708850
,118709356
,118708826
,118708819
,118718388
,118721737
,118709424
,118708839
,118718795
,118720300
,118708934
,118718186
,118718412
,118708608
,118709275
,118708868
,118718752
,118709039
,118709819
,118709183
,118709301
,118718454
,118709158
,118721705
,119379106
,118714364
,118709130
,118713954
,118709344
,118718735
,118709046
,118709291
,118708985
,118718774
,118721735
,118718682
,118718815
,118718470
,118709352
,118709359
,118709242
,118718808
,118718803
,118719404
,118718610
,118718440
,118718759
,118708770
,118718770
,118718598
,118718633
,118718583
,118718210
,118719068
,118718614
,118718733
,118720154
,118718635
,118718578
,118718680
,118718730
,118718821
,118718837
,118718806
,118718229
,118719957
,118718605
,118709251
,118721667
,118708827
,118709102
,118718149
,118717919
,118718654
,118721861
,118719032
,118719052
,118708972
,118717892
,118718192
,118711076
,118718398
,118709651
,118709471
,118717882
,118708581
,118721759
,118718348
,118709466
,118709636
,118709331
,118709277
,118711371
,118709450
,118709002
,118718131
,118718166
,118708969
,118708639
,118721731
,118719054
,118718154
,118718963
,118718854
,118709464
,118718861
,118709843
,118711994
,118709236
,118718918
,118718100
,118750493
,118710943
,118708776
,118721803
,118709964
,118709509
,118709565
,118719115
,118709501
,118709594
,118708834
,118710295
,118709705
,12726080
,118709461
,118709437
,118718904
,118709675
,118710463
,118709702
,118709700
,118713197
,118709714
,118719010
,118709938
,118709670
,118709690
,118719826
,118709684
,118709869
,118709551
,118710452
,118709409
,118721845
,118709532
,118709564
,118709549
,118718894
,118709657
,118719027
,118709950
,118721989
,118719495
,118719709
,118721969
,118709883
,118718850
,118719142
,118722031
,118709872
,118710331
,118721895
,118710415
,118709882
,118710405
,118710428
,118710339
,118709607
,118719289
,118719724
,118711120
,118719352
,118710373
,118710233
,118719646
,118710436
,118719885
,118721881
,118711018
,118710010
,118720819
,118709979
,118709737
,118719304
,118710144
,118710085
,118710125
,118709757
,118710097
,119046150
,118719326
,118719258
,118710424
,118710090
,118709750
,118721911
,118709890
,118709994
,118710123
,118709992
,118710040
,118719233
,118710261
,118710459
,118710082
,118721935
,118710289
,118714188
,118719777
,118722015
,118710048
,118710402
,118710353
,118719399
,118710955
,118719161
,118719368
,118719373
,118710024
,118750036
,118719665
,118708778
,118722103
,118722013
,118710418
,118710971
,118710101
,118710005
,118721997
,118710441
,118719367
,118710113
,118710224
,118719434
,118710386
,118710439
,118710031
,118710004
,118719418
,118709838
,118710647
,118710177
,118710154
,118710580
,118710035
,118710519
,118710323
,118710180
,118710468
,118710775
,118710188
,118710573
,118719980
,118711956
,118710578
,118721977
,118719526
,118710542
,118720609
,118719652
,118711864
,118719505
,118709951
,118710555
,118710488
,118710562
,118719634
,118683038
,118717676
,118710540
,118722046
,118710018
,118710634
,118710622
,118710611
,118710595
,118710606
,118711710
,118710750
,118710768
,118720243
,118719760
,118710157
,118710508
,118710589
,118710465
,118710205
,118710718
,118710579
,118711717
,118710603
,118710682
,118710937
,118710617
,120116659
,118710724
,118722062
,118710218
,118711770
,118710661
,118711037
,118713364
,118710834
,73303951
,118711034
,118719899
,118710776
,118711094
,118710851
,118711024
,118710802
,118711348
,118710824
,118711098
,118711058
,118722124
,118710964
,118711049
,118722152
,118722092
,118722150
,118711048
,118719934
,118710784
,118710913
,118710908
,118711122
,118711008
,118719944
,118711574
,118710590
,118711017
,118711089
,118711465
,118711808
,118710853
,118710867
,118720550
,118711336
,118711940
,118711773
,118710777
,118712009
,118711699
,118711349
,118711374
,118719952
,118711360
,118720537
,118711399
,118708716
,118711760
,118710978
,118711969
,118722176
,118711755
,118711116
,118720172
,118711928
,118711894
,118711154
,118720308
,118720362
,118711616
,118720410
,118711986
,118711641
,118711597
,118720412
,118711592
,118722160
,118711821
,118720320
,118711367
,118711172
,118711394
,118720574
,118711323
,118722197
,118711472
,118711422
,118711942
,118720295
,118720391
,118711789
,118720088
,118711979
,118711895
,118711183
,118711496
,118720202
,118711228
,118711722
,118735996
,118711533
,118711436
,118711203
,118711435
,118711609
,118720232
,118720255
,118711844
,118711475
,118711731
,118720627
,118711822
,118711606
,118711509
,118711902
,118712010
,118711528
,118712038
,118711762
,118711739
,118711295
,118722244
,118720456
,118711543
,118712042
,118711682
,118711675
,118711482
,118711617
,118711830
,118711410
,118711450
,118711733
,118711029
,118711554
,118711625
,118720601
,118711810
,118711876
,118722206
,118712491
,118720373
,118720267
,118722312
,118720507
,118720481
,118720698
,118711662
,118720430
,118720176
,118720335
,118720678
,118720515
,118709936
,118720684
,118720646
,118711319
,118722265
,118722294
,118711700
,118720670
,118722314
,118711972
,118712049
,118712347
,118712348
,118712425
,119110309
,118712722
,118712556
,118712959
,118712762
,118712835
,118712316
,118712060
,118712798
,118712566
,118712062
,118712698
,118712378
,118712859
,118712573
,118712818
,118712665
,118712331
,118712784
,118712511
,118712681
,118712712
,118722339
,118712662
,118712688
,118722324
,118712559
,118712773
,118715665
,118712446
,118712093
,118712231
,118712976
,118712856
,118712957
,118712948
,118713494
,118712771
,118712595
,118712591
,118712039
,118722360
,118712613
,118722384
,118712694
,118712607
,118712808
,118712792
,118712468
,118712749
,118712730
,118722358
,118712544
,118720715
,118712654
,118712500
,118712622
,118712178
,118748633
,118712741
,118712532
,118884067
,118712476
,118712408
,118712530
,118712674
,118712455
,118712200
,118712459
,118712482
,118712220
,118712755
,118712872
,118712640
,118712937
,118712816
,118712911
,118712652
,118713280
,118712364
,118712509
,118712252
,118712383
,118713089
,118722396
,118713091
,118712987
,118712878
,118712896
,118712902
,118713048
,118712893
,118713054
,118712882
,118712885
,118713082
,118713076
,118712349
,118712920
,118712998
,118713036
,118713025
,118713150
,118713195
,118713114
,118713122
,118713130
,118713139
,118766753
,118713178
,118713160
,118720757
,118713270
,118720821
,118720775
,118712979
,118720764
,118720743
,118713237
,118720791
,118713754
,118722420
,118712960
,118713216
,118713103
,118713228
,118713210
,118720801
,118720800
,118720861
,118727919
,118713204
,118713563
,118713383
,118713499
,118713594
,118720902
,118720852
,118720846
,118748789
,118713445
,118722454
,118720901
,118713454
,118713325
,118713362
,118720886
,118722516
,118720810
,118722665
,118720873
,118713449
,118713291
,118722607
,118713466
,118713304
,118713390
,118722450
,118722608
,118713720
,118722740
,118713567
,118742198
,118713400
,118722713
,118713435
,118713455
,118713382
,118713426
,119802305
,118722681
,118756510
,118713632
,118713488
,118983652
,118720944
,118722568
,118720920
,118713380
,118713582
,118722511
,118713547
,118713534
,118720936
,118722695
,118720977
,118720945
,118713653
,118722595
,118713607
,118713662
,118770948
,118722640
,118713962
,118713706
,118713709
,118713695
,118713684
,118714065
,118713737
,118713691
,118713725
,118714425
,118713760
,118720967
,118713757
,118713767
,118723196
,118722810
,118714091
,118713898
,118713909
,118770634
,118713847
,118713784
,118713935
,118722797
,118714039
,118722814
,118714048
,118714027
,118714007
,118722847
,118714020
,118714078
,118713985
,118722868
,118713884
,118713822
,118713948
,118721080
,118714073
,118714233
,118721005
,118722763
,118714113
,118713856
,118721035
,118714140
,119787892
,118714215
,118723360
,118721082
,118721064
,118714132
,118714123
,118714171
,118721011
,118714173
,118714157
,118714147
,118714209
,118714349
,118714387
,118714311
,118714459
,118714245
,118714341
,118714293
,118722870
,118721131
,119679616
,118721111
,118721119
,118714356
,118714295
,118722893
,118714485
,118714511
,118714410
,118714498
,118714443
,118721158
,118714535
,118721191
,118721140
,118721170
,118728088
,118721415
,118721355
,118721353
,118714981
,118721397
,118721377
,118714739
,118723372
,118736036
,118728235
,118716552
,118716415
,118716543
,118715352
,118715565
,119568439
,119824389
,119626353
,118721285
,118721421
,118716589
,118721204
,118721298
,118721399
,118721571
,118715426
,118721305
,118721264
,118717619
,118716392
,118714573
,118715634
,118715524
,118716464
,118716363
,118716221
,118715475
,118723071
,118714553
,118714610
,118716440
,118716562
,118716266
,118716235
,118716534
,118715451
,118722979
,118715394
,118721280
,118721229
,118716248
,118715243
,118715090
,118714650
,118715147
,118742138
,118715037
,118714974
,118714923
,118714929
,118716519
,118715117
,118715025
,118714954
,118715137
,118716291
,118714725
,118716539
,118728081
,118715774
,118715057
,118715276
,118715578
,118716421
,118715359
,118756311
,118715385
,118715692
,118715007
,118715189
,118714971
,118714906
,118716590
,118715330
,118727873
,118715895
,118715265
,118716311
,118715857
,118715785
,119525239
,118715699
,118717752
,118715246
,118721459
,118716872
,118717589
,118716268
,118716217
,118716516
,118716501
,118748802
,118715832
,118715946
,118715844
,118715920
,118766867
,118716205
,118717623
,118717548
,118717585
,118715172
,118717519
,118715871
,118715877
,118715960
,118717536
,118717404
,118716163
,118716169
,118716154
,118716061
,118728049
,118721557
,118716027
,118716190
,118717384
,118727890
,118715710
,118715975
,118723107
,118717357
,118717093
,84549605
,118717051
,118716095
,118722961
,118716037
,118716131
,118717297
,118715933
,118716619
,118716386
,118716747
,118716731
,118728334
,118721519
,118716715
,118717102
,118721499
,118715341
,118716637
,118716688
,118715687
,118716762
,118717077
,118721532
,118717478
,118716661
,118721545
,118716648
,118717277
,118717411
,118717011
,118717004
,118716700
,118716805
,118716810
,118717300
,118716846
,118727868
,118717041
,118717024
,118717232
,118716894
,118716959
,118716983
,118715812
,118715217
,118717381
,118716892
,118716835
,118728475
,118716729
,118717110
,118716979
,118722957
,118716862
,118716783
,118715653
,118716930
,118742298
,118717440
,118717031
,118715660
,118715993
,118717482
,118717189
,118717169
,118717427
,118717468
,118716104
,118722992
,118717450
,118717322
,118721512
,118717151
,118717128
,118717708
,118723241
,118716949
,118717383
,118717788
,118723150
,118723077
,118723126
,118723380
,118717776
,118716888
,118723147
,118723172
,118723393
,118723097
,118717133
,118723143
,118717646
,118717674
,118717690
,118723088
,118723113
,118723160
,118717785
,118723187
,118723062
,118723110
,118717194
,118723050
,118723376
,118723221
,118723079
,118717819
,118723119
,118723157
,118721622
,118717803
,118721618
,118717839
,118723366
,118723217
,118717671
,118728043
,118727964
,118728281
,118723197
,118727832
,118727950
,118728149
,118728629
,118727929
,118728272
,118723251
,118728125
,120014387
,118728013
,118728008
,118723249
,118728295
,118727859
,118727791
,118723276
,118727853
,118727981
,118728080
,118727808
,118727879
,118727870
,118728240
,118728133
,118728127
,118728098
,118728109
,118727820
,118727989
,118723312
,118727844
,118727811
,118728140
,118727897
,118727781
,118719122
,118728075
,118728175
,118723293
,118727762
,118727905
,119627617
,118728000
,118728516
,118728246
,118723329
,118723483
,118727779
,118723474
,118728312
,118728584
,118728572
,118728862
,118728540
,118728222
,118728266
,118728621
,118721413
,118728322
,118728374
,118728345
,118728205
,118728303
,118728017
,118728290
,118728514
,118728366
,118728406
,118728381
,118728356
,118728401
,118728031
,118728414
,118728385
,118728441
,118728604
,118728024
,118728350
,118728586
,118728388
,118728256
,118728423
,118728452
,118728368
,118728233
,118728481
,118728594
,118728389
,118728357
,118728471
,118754268
,118728816
,118735999
,118728842
,118728850
,118728466
,118728492
,118728806
,118728810
,118728493
,118735777
,118735871
,118735860
,7801580
,118728846
,118735964
,118742098
,118742160
,118735790
,118735935
,118728871
,118728869
,118736018
,118736076
,118735874
,118735926
,118735894
,118735828
,118750147
,118735913
,118735905
,118728891
,118735904
,118728981
,118736072
,118735839
,118735929
,118735825
,118735818
,118736016
,118736050
,118735805
,118735803
,118736853
,118735974
,118736006
,118736863
,118736054
,118736057
,118736861
,118742024
,118757078
,118741877
,118742248
,118742335
,118914988
,118741999
,118736882
,118742070
,118741913
,118741894
,118742192
,118741915
,118742317
,118741938
,118741870
,119168290
,118742112
,118742250
,118742054
,118742059
,118741987
,118741951
,118736939
,118736933
,118741887
,118742000
,118742079
,118741902
,118748665
,118742222
,118741905
,118741962
,118742009
,118741927
,118742184
,118736972
,118742133
,118736992
,118736964
,118742118
,118742030
,118742126
,118742301
,118742330
,118742087
,118742271
,118742165
,118742313
,118742182
,118742212
,118742229
,118742158
,118749230
,118750129
,118748717
,118750130
,118748702
,118749787
,118770497
,118749152
,118748804
,118749002
,118749024
,118748945
,118742728
,118748852
,118749079
,118749413
,118748918
,118748891
,118749101
,118749076
,118749387
,118749728
,118749261
,118749178
,118748939
,118749245
,118749110
,118742718
,118749006
,118749321
,118749038
,118749163
,118748993
,118749896
,118749247
,118749202
,118749134
,118748935
,118748813
,118742708
,118749170
,118750137
,118748748
,118742764
,118748869
,118748974
,118748902
,118742765
,118749040
,118748951
,118749195
,118749037
,118748865
,118749136
,118749393
,118749306
,118748847
,118749015
,118749227
,118749345
,118748964
,118748708
,118749364
,118748868
,118766623
,118749122
,118742833
,118748968
,118749051
,118742921
,118749372
,118749204
,118749095
,118749154
,118749253
,118742842
,118749327
,118749277
,118749407
,118749272
,118749289
,118748830
,118748758
,118749231
,118748711
,118748681
,118749401
,118742939
,118748653
,118748792
,118749340
,118748782
,118749344
,118748744
,118749961
,118748769
,118749285
,118749554
,118750124
,118750221
,118766743
,119503483
,118749658
,118748723
,118750001
,118749948
,118749631
,118749638
,118749496
,118749549
,118749453
,118749733
,118749610
,118749561
,118749614
,118748692
,118749571
,118750149
,118749457
,118749558
,118748699
,118748831
,118749478
,118749963
,118749480
,118749522
,118749510
,118749499
,118756135
,118749717
,118756609
,118749679
,118749575
,118749538
,118749645
,118749696
,118749951
,118749807
,118749790
,118749876
,118749857
,118749819
,118749877
,118748843
,118749063
,118750013
,118748874
,118749765
,118749846
,118749825
,118755867
,118770852
,118749871
,118749799
,118750163
,118749541
,118749666
,118750153
,118750185
,118749716
,118750155
,118749847
,118749777
,118750195
,118749853
,118749747
,118749971
,118749577
,118750101
,118750077
,118750046
,118749431
,118748635
,118749931
,118749995
,118749972
,118749983
,118750496
,118750212
,118756487
,118750089
,118750222
,118750055
,118749851
,118755932
,118750092
,118749795
,118750161
,118757124
,118750511
,118750528
,118750667
,118749820
,118750502
,118750521
,118761900
,118750674
,118756654
,118756757
,118755877
,118755891
,118750553
,118756127
,118755842
,118750547
,118755974
,118756103
,118756152
,118755799
,118750554
,118755797
,118755863
,118755815
,118750680
,118756158
,118756202
,118756097
,118755857
,118755939
,118750584
,118755832
,118755959
,118756257
,118755954
,118750671
,118750610
,118756175
,118750636
,118755944
,118750601
,118750588
,118756071
,118756209
,118770592
,118756281
,118756750
,118756246
,118756217
,118756223
,118755997
,118755881
,118756054
,118761809
,118756394
,118756189
,118756043
,118756024
,118756210
,118755993
,118756010
,118756057
,118756781
,118756273
,118755984
,118756085
,118755910
,118756305
,118756261
,118766562
,119028728
,118756297
,118756802
,118756379
,118755860
,118756340
,118756408
,118755890
,118756752
,118756423
,118756450
,118755897
,118756822
,118756347
,118756530
,118756681
,118756410
,118756733
,118755884
,118756559
,118756832
,118756356
,118756431
,118757098
,118756801
,118756456
,118756320
,108345514
,118756451
,118756445
,118756869
,118756805
,118756577
,118756809
,118756810
,118756363
,118756289
,118756851
,118756479
,118756499
,118756467
,118756053
,118756539
,118756551
,118756476
,118756596
,118756568
,118756518
,118756587
,118756624
,118757077
,118756286
,118756607
,118757113
,118756491
,118756615
,118756877
,118757102
,118756631
,119047428
,118756504
,118757090
,118757213
,118761736
,118761888
,118762179
,118761586
,118762071
,118761556
,118762055
,118761963
,118761993
,118761762
,118757222
,118761706
,118761695
,118761601
,118750826
,118761972
,118762091
,118761548
,118762079
,118761725
,118761714
,118761893
,118761580
,118757151
,118836546
,118762036
,118762083
,118761513
,118762161
,118761666
,118761713
,118761662
,118762076
,118762016
,118762021
,118761667
,118761655
,118762027
,118761953
,118761704
,118748753
,118757276
,118757282
,118761851
,118762106
,118761570
,118761760
,118761489
,118761522
,118766918
,118761783
,118770828
,118761792
,118761822
,118761948
,118761848
,118762114
,118762170
,118761874
,118761880
,118761854
,118762141
,118762191
,118761921
,118762539
,118761929
,118762132
,118762143
,118762482
,118766666
,118766655
,118767026
,118766642
,118767177
,118762641
,118766602
,118766481
,118767006
,118766530
,118766536
,118762446
,118762466
,118766491
,118766476
,118766468
,118766542
,118766480
,118766445
,118766538
,118762453
,118762463
,118762461
,118766509
,118762499
,118766462
,118766470
,118770982
,118766628
,118766745
,118766752
,118766675
,118766627
,118766647
,118766583
,118766730
,119812796
,118766719
,118762630
,118766710
,118766622
,118767011
,118766708
,118766751
,118762635
,118762636
,118766912
,118766512
,118766783
,118766813
,118766812
,118766820
,118766827
,118766842
,118766848
,118766787
,118766775
,118766951
,118766937
,118766863
,118766954
,118766996
,118766942
,118766880
,118766884
,118766520
,118766898
,118766994
,118766797
,118767031
,118766559
,118766983
,118766992
,118770898
,118770630
,118770954
,118770577
,118770468
,118767227
,118767196
,118770879
,118770873
,118770503
,118770608
,118767181
,118767184
,118770649
,118770581
,118770589
,118770516
,118770528
,118767205
,118770888
,118770570
,118770457
,118770856
,118770615
,118770625
,118770906
,118770652
,118770582
,118770734
,118770713
,118770757
,118770773
,118770747
,118770922
,118770730
,118770729
,119251381
,118770693
,118770781
,118770823
,118770929
,118770763
,118770604
,118770672
,118770817
,118770820
,118770973
,118770904
,118770531
,118770776
,118770918
,118770991
,118771115
,118770890
,118771228
,118770893
,118771154
,118771170
,118771234
,118771233
,118771167
,118771168
,118771213
,118771256
,118771204
,118771375
,118771372
,118713487
,118713123
,118757112
,118749529
,118710275
,118708730
,118720655
,118720802
,118708560
,118716592
,118762004
,118749603
,118766558
,118711867
,118714190
,118720341
,118770564
,118717935
,118728287
,118712886
,118711476
,118717257
,118717552
,118717279
,118710051
,118713885
,118713360
,118723148
,118710523
,118716808
,118713348
,118711910
,118711062
,118749328
,118713230
,118766881
,118712460
,118709079
,118712011
,118709086
,118756141
,118727957
,118711229
,118713255
,118713830
,118755816
,118712401
,118728410
,118719078
,118713850
,118712332
,118750512
,118709064
,118756060
,118756059
,118749254
,118766901
,10114066
,118715796
,119382893
,118728176
,118709997
,118756252
,118770885
,118766744
,118723089
,118742106
,118749849
,118749669
,118761964
,118713664
,120116695
,118709894
,118735814
,118717207
,118728587
,118710506
,118722518
,118720817
,118710669
,118722478
,96741654
,118735821
,118721533
,18978638
,118756260
,118720337
,118711833
,118766979
,118709629
,118708735
,118770857
,118762072
,118717006
,118756012
,118717712
,118719891
,118761507
,118762128
,118749727
,118770458
,118720428
,118749734
,118720597
,118710006
,118715669
,118717359
,118735989
,118713205
,118749579
,118761636
,118712922
,118749624
,118720711
,118709429
,118714253
,118717916
,118722895
,118717499
,118712860
,118735830
,118709836
,118711692
,118712801
,118718689
,118709709
,118749497
,118709099
,118770587
,118720748
,118711723
,118715061
,118723333
,118722282
,118718731
,118711157
,118719604
,118722070
,118766515
,118721693
,118766556
,118714513
,118716985
,118709943
,118714811
,118714066
,118766648
,118748612
,118708895
,118719046
,118719871
,118711012
,118722084
,118713245
,118713480
,118717298
,118719148
,118709047
,118712495
,118728361
,118719602
,118756087
,118714159
,118770880
,118741941
,118766639
,118718281
,118721354
,118710618
,118710379
,118727991
,118709982
,118709622
,118711791
,118709061
,118756578
,118720324
,118708585
,118756424
,118728050
,118709247
,118721937
,118711870
,118756457
,118711711
,118742081
,118711629
,118713418
,118717908
,118755861
,118711113
,118711961
,118710662
,118719591
,118709205
,118709957
,118710635
,118762163
,118709322
,118709253
,118718217
,118708993
,118709476
,118710688
,118718360
,118709103
,118708611
,118718097
,118708973
,118721751
,118711480
,118708952
,118708978
,118710560
,118708963
,118718344
,118708675
,118708666
,118708626
,118708609
,118708699
,118718207
,118714076
,118721785
,118708659
,118708658
,118718472
,118718456
,118718380
,118709092
,118708623
,118708564
,118708879
,118708804
,118718491
,118718150
,118717930
,118713189
,118709055
,118717940
,118708642
,118709066
,118709222
,118709191
,118709020
,118708937
,118709116
,118717924
,118708687
,118709171
,118708936
,118708884
,118709463
,118710713
,118718122
,118710021
,118708874
,118718291
,118718442
,118717962
,118709036
,118709159
,118718513
,120118077
,118709072
,118708681
,118708762
,119762238
,118718198
,118708869
,118708632
,118708840
,118708983
,118708759
,118709077
,118708792
,118718049
,118709218
,118719693
,118718558
,118708919
,118709153
,118709112
,118721663
,118709133
,118709030
,118718626
,118718006
,118718701
,118718823
,118709180
,118718414
,118709338
,118709177
,118719291
,118709229
,118710658
,118721681
,118718499
,118718553
,118721971
,118709091
,118709176
,118718664
,118718620
,118709209
,118718545
,118718520
,118718539
,118709617
,118718650
,118718666
,118708838
,118718813
,118708902
,118718716
,118718137
,118709165
,118718623
,118709088
,118718740
,118709145
,118718631
,119282454
,118720472
,118718036
,118708824
,118719642
,118721777
,118718530
,118709302
,118721707
,118721671
,118719791
,118717921
,118710453
,118718951
,118709592
,118718333
,118718946
,118718920
,118718314
,118709511
,118711670
,118719857
,118718368
,118718308
,118717848
,118719835
,118718364
,118709432
,118709706
,118709315
,118718180
,118721835
,118709017
,118708631
,118709438
,118708999
,118718350
,118709503
,118718924
,118709267
,118709536
,118709040
,118719879
,118709867
,118709510
,118709082
,118708806
,118736064
,118718911
,118718863
,118712434
,118709521
,118709276
,118708800
,118709364
,118718581
,118709451
,118709658
,118721787
,118708849
,118709499
,118709578
,118710432
,118709401
,118709618
,118709598
,118709637
,118709621
,118719091
,118719673
,118709445
,118709616
,118719031
,118718875
,118709678
,118709416
,118709597
,118718940
,118711209
,118718845
,118721847
,118711025
,118718896
,118718524
,118709605
,118718930
,118709687
,118711090
,118721809
,118710705
,118719012
,118709587
,118722034
,118722138
,119591564
,118721953
,118709886
,118719778
,118721813
,118709477
,118710397
,118719290
,118719427
,118719474
,118719727
,118709907
,118719629
,118710368
,118711132
,118711053
,118719459
,118719881
,118722199
,118711123
,118719353
,118719332
,118721901
,118709978
,118710394
,118711996
,118719251
,118709726
,118711104
,118719509
,118719549
,118719132
,118710340
,118709909
,118719235
,118709762
,118710118
,118710160
,118719504
,118719260
,118710369
,118710071
,118719543
,118709919
,118719524
,118709512
,118710107
,118719222
,118709767
,118719499
,118710292
,118710299
,118719158
,118719174
,118719636
,118709786
,118710007
,118719468
,118710162
,118710046
,118719170
,118721959
,118710316
,118719608
,118709811
,118719541
,118719660
,118710406
,119626795
,119045674
,118710375
,118710953
,118710325
,118710223
,118710358
,118709647
,118711640
,118721999
,118710263
,118722017
,118710335
,118711337
,118720227
,118719558
,118710019
,118719420
,118710091
,118710236
,118710030
,118710008
,118710169
,118719799
,118710185
,118711968
,118719393
,118710165
,118710455
,118719853
,118711676
,118709922
,118720628
,118710674
,118710677
,118719841
,118719920
,118721915
,118719307
,118719691
,118710566
,118710701
,118710855
,118710533
,118719748
,118710547
,118710627
,118710624
,118719843
,118719830
,118710645
,118710642
,118710764
,118710544
,118710141
,118719761
,118771885
,118710178
,118710681
,118721955
,118710210
,118710204
,118710648
,118710694
,118710524
,118710654
,118711783
,118711066
,118710760
,118710797
,118710665
,118710872
,118722056
,118710191
,118722044
,118710987
,118711071
,118710288
,118710722
,118710786
,118710988
,119093555
,118710862
,118710790
,118710772
,118710847
,118711933
,118710817
,118722246
,118719679
,118711110
,118710852
,118710461
,118710825
,118711128
,118711039
,118711903
,118710791
,118710938
,118722118
,118710975
,118710915
,118719904
,118710636
,118711801
,118711593
,118710927
,118719897
,118710891
,118710771
,118711754
,118719822
,119091270
,118711740
,118711775
,118711578
,119920644
,118720205
,118711363
,118710936
,118711324
,118710968
,118711861
,118711777
,118711426
,118711599
,118711627
,118720174
,118711462
,118720397
,118711689
,120038929
,118711092
,118711929
,118720297
,118720363
,118720589
,118711883
,118711823
,118711953
,118711991
,118711987
,118720387
,118720322
,118711618
,118720160
,118711898
,118711424
,118711758
,118711452
,118711865
,118720552
,118711741
,118720546
,118720215
,118728943
,118711619
,118720282
,118720517
,118711845
,118711579
,118720535
,118720672
,118720049
,118711561
,118720084
,118711412
,118720610
,118720281
,118711518
,118720483
,118711988
,118720637
,118711534
,118711510
,118720717
,118711878
,118711759
,118720096
,118720466
,118712017
,118711647
,118711655
,118711255
,118711896
,118711706
,118711771
,118711943
,118722208
,118711254
,118711525
,119539551
,118711284
,118711501
,118711683
,118711553
,118722224
,118711649
,118720497
,120036364
,118720700
,118722189
,118720250
,118720219
,118720669
,118720651
,118711914
,118713233
,118720694
,118722267
,118711995
,118722295
,118712023
,118722341
,118722365
,118722362
,118722320
,118712680
,118712484
,118722305
,118712577
,118712581
,118712774
,118712322
,118712526
,118712723
,118712831
,118712398
,118712851
,118712501
,118712072
,118712668
,118712861
,118712623
,118712819
,118712667
,118712898
,118712116
,118712413
,118712708
,118712743
,118712713
,118712883
,118712820
,118712939
,118712786
,118712594
,118712614
,118712806
,118712411
,118712951
,118712731
,118712690
,118712750
,118712576
,118712682
,118712921
,118712477
,118712492
,118712307
,118712756
,118712799
,118712847
,118712547
,118712567
,118712531
,118712533
,118712513
,118713217
,118712548
,118720722
,118712823
,118712638
,118712775
,118712510
,118712912
,118712630
,118712655
,118712994
,118713377
,118712961
,118713339
,118712558
,118712255
,118713198
,118712381
,118712384
,118712291
,118712353
,118712469
,118712840
,118712564
,118712873
,16100323
,118712298
,118713055
,118712908
,118713047
,118713073
,118712955
,118713064
,118712279
,118713083
,118713108
,118712981
,118720726
,118770699
,118713213
,118713026
,118713238
,118713171
,118722425
,118713131
,118713140
,118713115
,118713151
,118749950
,118713119
,118713125
,118713179
,118713161
,118720758
,118720746
,118720766
,118713013
,118713269
,118720793
,118720783
,118713924
,118720736
,118722422
,118720811
,118713246
,118713257
,118720862
,118713293
,118713473
,118713248
,118720887
,118720874
,118713335
,118713446
,118720853
,118713460
,118720911
,118713433
,118720848
,118713437
,118720842
,118714092
,118720968
,118713402
,118713452
,118713590
,118713529
,118722669
,118713295
,118720922
,118713436
,118722477
,118713654
,118713365
,118713317
,118722597
,118713509
,118713503
,118713551
,118713564
,118713555
,118713361
,118713658
,118713574
,118713648
,118722697
,118722507
,118722566
,118713600
,118722628
,118722530
,118722707
,118720956
,118722684
,118713634
,118713608
,118722654
,118722624
,118720938
,118713763
,118722552
,118713672
,118713738
,118713700
,118713723
,118713696
,118713713
,118713749
,118713759
,118720981
,118713775
,118722748
,118713705
,118722738
,118722831
,118716467
,118714057
,118713771
,118713975
,118713964
,118722844
,118714133
,118713789
,118713809
,118714008
,118713807
,118714022
,118714030
,118721021
,118713816
,118722759
,118713997
,118713976
,118713922
,118713936
,118714049
,118714028
,118713900
,118714040
,118714079
,118722849
,118722816
,118713887
,118722793
,118714042
,118721037
,118713902
,118713865
,118714063
,118721070
,118721088
,118714053
,118713977
,118714200
,118716572
,118714111
,118714141
,118728314
,118714414
,118721134
,118721132
,118714021
,118714380
,118714235
,118721113
,118714211
,118728296
,118714294
,118714259
,118714305
,118722872
,118714460
,118714350
,118714312
,118742341
,118714102
,118714474
,118714500
,118714427
,118714445
,118721173
,118714486
,118714524
,118702698
,118721193
,118721160
,118721419
,118721171
,118721379
,118716388
,118716428
,118715248
,118715424
,118714525
,118721299
,118715192
,118714578
,118716365
,118715560
,118715592
,118721395
,118722967
,118716401
,118715431
,118721311
,118721424
,118715824
,118715169
,118716305
,118715526
,118715513
,118716446
,118721401
,118715121
,118715196
,118715600
,118721347
,118721445
,118715139
,118714607
,118716274
,118715300
,118715530
,118721286
,118715723
,118714855
,118714978
,118728274
,118716374
,118722920
,118715082
,118716293
,118716473
,118715484
,120044232
,118728386
,118715041
,118717538
,118715008
,118715821
,118728183
,118716219
,118715569
,118714705
,118716251
,118715398
,118721362
,118723139
,118715694
,118715480
,118715580
,119427138
,118715728
,118714933
,118715062
,118714683
,118723183
,118715026
,118715469
,118716433
,118716961
,118756155
,118714737
,118716354
,118703538
,118714956
,118715873
,118716503
,118715332
,118717480
,118715387
,118716332
,118715099
,118715244
,118722925
,118715642
,118715278
,118715354
,118715935
,118736866
,118728082
,118716494
,118716545
,118716571
,118716518
,118716183
,118717621
,118721577
,118716339
,118715610
,118714864
,118717412
,118717451
,118750003
,118716063
,118721537
,118717587
,118715859
,118714912
,118716028
,118715834
,118715947
,118717523
,118715909
,118717582
,118715964
,118715976
,118823571
,118715897
,118716046
,118716716
,118728449
,118715846
,118716097
,118717095
,118716019
,118716039
,118715922
,118721250
,118716081
,118715707
,118716708
,118715242
,118716109
,118717191
,118716603
,118716690
,118716724
,118721559
,118717324
,118716471
,118716639
,118716749
,118716733
,118717198
,118742231
,118716314
,118717234
,118716621
,118716664
,118716158
,118717173
,118715605
,118715473
,118721513
,118717264
,118716170
,118714876
,118717342
,118716662
,118749879
,118716896
,118716764
,16597361
,118717039
,118717428
,118717053
,118717385
,118717008
,118717073
,118716864
,118717078
,118717394
,118716765
,118716787
,118716941
,118717153
,118717112
,118717204
,118716812
,118716986
,118721546
,118717026
,118716899
,118716923
,118717678
,118717406
,118716819
,118728824
,118721608
,118717459
,118717465
,119933505
,118722994
,118717135
,118717442
,118716001
,118727894
,118722983
,118721501
,118750202
,118721587
,118723377
,118717721
,118723390
,118717823
,118723106
,118723343
,118723164
,118723048
,118723080
,118721598
,118723170
,118723045
,118717764
,118723381
,118717647
,118728157
,118723061
,118717692
,118723151
,118717725
,118717753
,118723173
,118723052
,118723209
,118723098
,118723189
,118770786
,118723233
,118717831
,118723112
,118723200
,118736000
,118723133
,118717502
,118723211
,118728009
,118717596
,118723162
,118723341
,118723223
,118717837
,118727949
,118728636
,118728531
,118728626
,118723274
,118728247
,118723225
,118727837
,118727982
,118728162
,118727998
,118728096
,118723244
,118727768
,118727965
,118727972
,118727886
,118727960
,118727861
,118742262
,118728542
,118727822
,118728512
,119696300
,118728190
,118727782
,118727908
,118728134
,118727945
,119434064
,118727829
,118728025
,118727977
,118727846
,118727918
,118728012
,118728153
,118728113
,118728169
,118727898
,118727940
,118749469
,118727775
,118728150
,118723319
,118727758
,118727780
,118728335
,118727830
,118728523
,118728237
,118728573
,118728224
,118728304
,118728261
,118728245
,118728612
,118728214
,118728198
,118728325
,118728605
,118728831
,118728622
,118728583
,118728496
,118728851
,118728315
,118728014
,118728402
,118728352
,118728521
,118728448
,118728454
,118728442
,118736029
,118728375
,118728236
,118728358
,118728424
,118728599
,118728821
,118728420
,118728644
,118728595
,118728462
,118728461
,118728456
,118728455
,118728431
,118728845
,118735957
,118728238
,118735850
,118736078
,118735840
,118742185
,118735807
,118735941
,118735906
,118735912
,119809829
,118735791
,118736079
,118735976
,118736023
,118735888
,118735876
,118735883
,118736007
,118735918
,118735861
,118728966
,118735859
,118735849
,118735992
,118735962
,118735822
,118741945
,118735863
,118736041
,118735961
,118736868
,118723102
,118736017
,118736091
,118736867
,118736844
,118736058
,118742199
,118742251
,118741965
,118742142
,118742135
,118741917
,118736873
,118736975
,118749066
,118736889
,118742026
,118742171
,118741914
,118741952
,118742055
,118741939
,118741992
,118742100
,118742042
,118741879
,118742146
,118741903
,118736937
,118736931
,118742071
,118741985
,118741988
,118742003
,118741895
,118742061
,118742151
,118756625
,118741975
,118741964
,118741928
,118742128
,118742139
,118742088
,118742213
,118742031
,118737070
,118749915
,118757399
,118741888
,118741861
,118742204
,118742309
,118742332
,118742193
,118742331
,118742258
,118749224
,118742337
,118742322
,118742223
,118742272
,118749898
,118750188
,118749290
,118748976
,118749235
,118749052
,118748867
,118748991
,118749248
,118748895
,118748879
,118766968
,118749153
,118750117
,118749408
,118748746
,118749156
,118748940
,118742750
,118748994
,118748838
,118749168
,118749124
,118749333
,118749086
,118742754
,118748721
,118749135
,118749250
,118742740
,118749929
,118749125
,118749197
,118749179
,118748982
,118748787
,118748919
,118749049
,118748983
,118748952
,118749025
,118749420
,118749013
,118748853
,118749010
,118748634
,118749402
,118749112
,118749366
,118749080
,118749203
,118748749
,118750139
,118742815
,118749041
,118748896
,118749386
,118749173
,118749104
,118748877
,118748941
,118756107
,118742849
,118749206
,118748822
,118749098
,118749075
,118749421
,118749309
,118742835
,118749137
,118749232
,118749392
,118742949
,118749406
,118749354
,118749377
,118748780
,118742850
,118748832
,118749375
,118742950
,118749262
,118742934
,118742709
,118748770
,118749288
,118748685
,118742940
,118749322
,118748791
,118742947
,118749952
,118748808
,118748667
,118749964
,118750114
,118748706
,118750170
,118750015
,118750131
,118749458
,119860948
,118748954
,118756247
,118749705
,118749550
,118749639
,118749680
,118749932
,118749681
,118761856
,118749528
,118749455
,118749615
,118749692
,118749483
,118749646
,118748724
,118749718
,118749574
,118749476
,118749563
,118749633
,118749596
,118749555
,118749974
,118749523
,118749655
,118749481
,118748816
,118756105
,118749540
,118750148
,118748910
,118749791
,118749699
,118749827
,118750522
,118749003
,118749766
,118750108
,118750164
,118750156
,118749822
,118749838
,118750196
,118749809
,118749866
,118749500
,118756819
,118749789
,118756469
,118749860
,118750048
,118750037
,118749600
,118750057
,118750068
,118749742
,118750029
,118749984
,118750073
,118749818
,118749973
,118750078
,119387001
,118750213
,118749854
,118750529
,118750084
,118750503
,118761930
,118748671
,118756055
,118756672
,118755875
,118750678
,118749887
,118756655
,118756753
,118756093
,118756130
,118756259
,118750537
,118756265
,118755834
,118750551
,118756242
,118750562
,118756172
,118761903
,118756115
,118756597
,118756098
,118756818
,118755798
,118756077
,119150676
,118756166
,118755963
,118756282
,118750642
,118756773
,118755850
,118755907
,118756200
,118755823
,118756730
,118756136
,118756814
,118756232
,118755933
,118756023
,118755977
,118756003
,118756020
,118761834
,118756195
,118756031
,118755948
,118756065
,118755987
,118755971
,118755999
,119729620
,118756153
,118756218
,118750847
,118756181
,118750873
,118756161
,118756306
,118755704
,118756224
,118755853
,118756783
,118756811
,118756446
,118756808
,118756834
,118756401
,118756409
,118756378
,118756432
,118756865
,118756840
,118756341
,118761587
,118755925
,118756823
,118756795
,118756839
,118756396
,118756332
,118756694
,118756321
,118756351
,118756357
,118756342
,118756870
,118756312
,118756682
,118756662
,118756472
,118756500
,118756521
,118756860
,118756477
,118756552
,118756459
,118761726
,118756488
,118756608
,118756560
,118756880
,118756532
,118756540
,118756569
,118756337
,118756616
,118757099
,118757085
,118757115
,118756639
,118757082
,118756878
,118757092
,118756588
,118757212
,118757105
,118756632
,118756697
,118756617
,118761656
,118761751
,118757127
,118752062
,118761572
,118757224
,118761956
,118761597
,118757066
,118761581
,118761737
,118762044
,118761976
,118761705
,118762084
,118749358
,118761553
,118757166
,118761602
,118761763
,118762022
,118761488
,118761624
,118762012
,118761696
,118762029
,118762039
,118757248
,118761535
,118757174
,118761663
,118762092
,118761546
,118762003
,118761715
,118761992
,118761973
,118762033
,118761685
,119301317
,118761673
,118761801
,118761562
,118762181
,118761645
,118761608
,118761718
,118761823
,118761778
,118761492
,118761494
,118761774
,118762107
,118761946
,118761791
,118761773
,118761892
,118761490
,118761839
,118762486
,118761855
,118761877
,118761895
,118761891
,118761867
,118762190
,118762136
,118761926
,118762134
,118766492
,118766662
,118767003
,118767007
,118762485
,118766498
,118766505
,118766464
,118766540
,118917420
,118766581
,118766531
,118762452
,118766611
,118766475
,118766466
,118766668
,118766624
,118766702
,118766736
,118766831
,118770978
,118766629
,118766980
,118762515
,118766700
,118766749
,118766625
,118766721
,118766664
,118762460
,118766709
,118766727
,118766933
,118766900
,119182712
,118766825
,118767022
,118766793
,118766893
,118766790
,118766777
,119595144
,118766844
,118766946
,118766964
,118766943
,118766878
,118766952
,118766548
,118766876
,118766869
,118766973
,118770992
,113069189
,118766995
,118770939
,118770947
,118770933
,118770961
,118767016
,118767176
,118770951
,118770966
,118770521
,118770833
,118770635
,118770847
,118770558
,118770633
,118770585
,118770541
,118770506
,118770701
,118770485
,118770958
,118770555
,118770594
,118770572
,118770609
,118770970
,118770470
,118770606
,118770719
,118770722
,118770696
,118770671
,118770700
,118770760
,118770789
,118770802
,118770479
,118770774
,118770767
,118770733
,118770787
,118770854
,118770676
,118770623
,118770803
,118770843
,118770754
,118770831
,118770824
,118770863
,118771226
,118770943
,118770996
,118771222
,118771144
,118771186
,118771191
,118771215
,118713459
,118710114
,118716393
,118710269
,118761657
,118712880
,118756433
,118713647
,118750004
,118709502
,118969644
,118720912
,118742107
,118723074
,118709232
,118689725
,118756579
,118761716
,118749861
,118756314
,118710743
,118749360
,118713152
,118771165
,118714023
,118711868
,118718988
,118749892
,118710572
,118708872
,118710189
,118766686
,118711630
,118708939
,118710225
,118716224
,118713888
,118709117
,118711684
,118748645
,118716814
,118710276
,118709695
,118762493
,118716210
,118761897
,118728202
,118756343
,118735823
,118712018
,118720026
,118713937
,118710748
,118713741
,118761560
,118762040
,118742119
,118749419
,118721441
,118717986
,118709257
,118720556
,118714247
,118761966
,118712692
,118711847
,118711242
,118735907
,118713180
,118761750
,118770702
,118749757
,118762085
,118727942
,118711594
,118721815
,118718124
,118709336
,118711484
,118711656
,118757243
,118709003
,118728317
,118749985
,118735898
,118755777
,118711030
,118714850
,118709400
,118719694
,118708906
,118710306
,118756439
,118713501
,118756501
,118710848
,118709382
,118722699
,118710280
,118709953
,118719361
,118713489
,118722036
,118762056
,118749511
,118710446
,118713172
,118714043
,118714337
,118718299
,118742140
,119016039
,118714412
,118710484
,118718507
,118713903
,118713275
,118714352
,118713219
,118709495
,118719349
,118749934
,118710025
,118711093
,118748666
,118766728
,118712825
,118709895
,118708727
,118710601
,118718942
,119635804
,118721062
,118711957
,118720352
,118756673
,118762005
,118711156
,118761860
,118712714
,118720426
,118715647
,118736849
,118709341
,118711393
,118711897
,118761582
,118742130
,118710842
,118720271
,118714384
,118721991
,118709912
,118710255
,118749965
,118728239
,118713745
,118742342
,118718382
,118714534
,118728832
,118710719
,120023713
,118770593
,118715296
,118718580
,118710773
,118710011
,118770764
,118711365
,118714075
,118719648
,118720953
,118712527
,118766923
,118712747
,118711858
,118712385
,118679119
,118728412
,118710442
,118719321
,118718609
,118718961
,118718898
,118719072
,118719051
,118711963
,118713070
,119678380
,118710866
,118710989
,118708860
,118710458
,118712003
,105398132
,118710430
,118711997
,118709879
,118713385
,118721965
,118709134
,118710032
,118709414
,118708965
,118710877
,118770844
,118709282
,118712051
,118709041
,118709166
,118708976
,118710334
,118710986
,118709293
,118709327
,118709264
,118708941
,118709022
,118709160
,118718057
,118709194
,118721739
,118709383
,118718269
,118708903
,118721723
,118718227
,118708536
,118708674
,118708542
,118718077
,118708638
,118718352
,118718061
,118718910
,118718167
,118718045
,118717947
,118713943
,118717964
,118709083
,118717951
,118718042
,118710564
,118709048
,118708924
,118708948
,118717982
,118709184
,118718644
,118718239
,118717941
,118718416
,118717970
,118718098
,118708954
,118719014
,118708989
,118721673
,118749665
,118718390
,118719021
,118709057
,118718444
,118708572
,118718458
,118721741
,118708734
,118709067
,118708859
,118718474
,118708921
,118718969
,118709225
,118708689
,118709333
,118709278
,118708706
,118718669
,118709294
,118708691
,118718721
,118718430
,118722098
,118708610
,118718642
,118709248
,118709031
,118709104
,118718705
,118708690
,118708733
,118718755
,118708846
,118709195
,118709243
,118718690
,118709279
,118718585
,118718741
,118718232
,17689568
,118718625
,118718646
,118718765
,118718616
,118718779
,118709147
,118709163
,118709367
,118709125
,118716334
,118721653
,118718738
,118718015
,118718252
,118718673
,118718658
,118712012
,118708767
,118709303
,118709096
,118718128
,118718219
,118709319
,118709599
,118718182
,118718402
,118709410
,118717888
,118712587
,118718366
,118718133
,118709454
,118719076
,118709393
,118677140
,118709272
,118708640
,118718316
,118708648
,118719211
,118709580
,118709539
,118756226
,118718869
,118713851
,118709452
,118709068
,118718080
,118709523
,118710284
,118709347
,118718886
,118709557
,118718865
,118709624
,118722284
,118709304
,118709238
,118709572
,118709542
,118709252
,118710105
,120079141
,118722140
,118709550
,118709439
,118713141
,118709688
,118710445
,118709930
,118750214
,118709462
,118719101
,118718878
,118709625
,118718842
,118709707
,118709554
,118709668
,118709801
,118721840
,118718967
,118766669
,118709601
,118721821
,118709638
,118711100
,118710381
,118710420
,118719297
,118709848
,118722001
,118722019
,118719450
,118709892
,118709505
,118770932
,118719457
,118710408
,118719734
,118709718
,118719295
,118719681
,118710370
,118709984
,118719140
,118709652
,118709913
,118709926
,118710433
,118710413
,118710403
,118719266
,118721913
,118711124
,118719253
,118719718
,118719387
,118709928
,118721897
,118710084
,118710854
,118709958
,118709731
,118719551
,118710235
,118710092
,118719262
,118719656
,118710260
,118710140
,118709753
,118710098
,118709783
,118710120
,118722114
,118709988
,118719421
,118717305
,118709755
,118709949
,118710396
,118719375
,118719609
,118711139
,118719435
,118710106
,118710312
,118709833
,118719463
,118710374
,118710959
,118710041
,118710155
,118710215
,118719600
,118719528
,118719705
,118710591
,118710744
,118719801
,118710970
,118719623
,118719189
,118719401
,118719423
,118709808
,118710102
,118710022
,118719386
,118722200
,118722088
,118710151
,118710873
,118719241
,118710514
,118710034
,118710770
,118710520
,118710972
,118710569
,118719677
,118719632
,118710496
,118719762
,118709878
,118710474
,118710471
,118719385
,118722058
,118710078
,118710574
,118710626
,118722048
,118710632
,118719865
,118722086
,118710359
,118710612
,118710509
,118710756
,118710653
,118710527
,118710892
,118719790
,118719750
,118710329
,118719780
,118710637
,118719987
,118719818
,118711095
,118762194
,118710798
,118710525
,118710607
,118711068
,118711677
,118710780
,118711083
,118711073
,118710364
,118710837
,118722128
,118719914
,118710864
,118710997
,118710954
,118711021
,118719946
,118710199
,118710796
,118711050
,118719936
,118711133
,118711352
,118710939
,118710920
,118722096
,118710916
,118710928
,118710761
,118710922
,118711899
,118711003
,118710794
,118722202
,118711375
,118722277
,118719951
,118711391
,118711216
,118711329
,118711877
,118711862
,118711338
,118711735
,118711485
,118720591
,118711582
,118710984
,118720578
,118719955
,118711383
,118720365
,118711171
,118711620
,118720329
,118720313
,118711796
,118722185
,118713409
,118720393
,118711846
,118711159
,118720020
,118722986
,118722180
,118711643
,118720207
,118720442
,118711905
,118711856
,118720657
,118711469
,118711481
,118721287
,118711970
,118711932
,118720563
,118711584
,118710944
,118720190
,118711200
,118720209
,118711911
,118720168
,118711223
,118711440
,118720656
,118711744
,118711478
,118720640
,118722258
,118711214
,118711612
,118711438
,118720612
,118711562
,118722297
,118720233
,118720251
,118711834
,118711663
,118711802
,118711328
,118720503
,118711463
,118711814
,118711725
,118711707
,118722210
,118711526
,118720284
,118711955
,118711776
,118711253
,118711794
,118711747
,118711671
,118711519
,118711413
,119601999
,118720558
,118720519
,118711980
,118711249
,118761626
,118711285
,118722248
,118711778
,118711512
,118720298
,118711695
,118720468
,118711628
,118711575
,119840515
,118720728
,118711600
,118720244
,118720239
,118711351
,118720702
,119415938
,118720345
,118720676
,118720671
,118720223
,118712448
,118720539
,118720225
,118722363
,118713027
,118711882
,118711985
,118711936
,118720695
,118712028
,118749486
,118720686
,118712900
,118712314
,118712512
,118712745
,118712757
,118712612
,118712535
,118712549
,118712841
,118712064
,118712644
,118712733
,118712065
,118712718
,118712493
,118712569
,118712695
,118712424
,118712809
,118712670
,118712103
,118713904
,118712725
,118712953
,118712336
,118712585
,118712160
,118712848
,118712631
,118712824
,118712874
,118712121
,118742205
,118712703
,118712152
,118712838
,118722343
,118712776
,118712807
,118712924
,118712724
,118712764
,118712470
,118712641
,118712534
,118712514
,118789547
,118712399
,118712189
,118712596
,118712435
,118713056
,118712213
,118712962
,118712940
,118712210
,118712650
,118712964
,118712671
,118712578
,118712600
,118712304
,118712985
,118712456
,118720718
,118712996
,118712323
,118712769
,118712355
,118712788
,118712498
,118712561
,118712479
,118713065
,118712894
,118713084
,118712800
,118712877
,118712956
,118712300
,118712420
,118713239
,118713201
,118713190
,118712358
,118713143
,118713231
,118713116
,118712909
,118713124
,118713162
,118713135
,118713109
,118713462
,118720750
,118713132
,118720785
,119000779
,118713183
,118713167
,118722388
,118713259
,118720737
,118713252
,118712980
,118713229
,118713207
,118713063
,118720795
,118720805
,118713206
,118722802
,118722423
,118722427
,118720813
,118721172
,118722682
,118713481
,118713661
,118713403
,118720888
,118720875
,118713542
,118713337
,118720854
,118720859
,118709774
,118713351
,118713326
,118713565
,118713434
,118713468
,118713391
,119385294
,118720883
,118713419
,118722656
,118713474
,118720923
,118720863
,118722586
,118722526
,118713417
,118713374
,118713427
,118713450
,118722673
,118722833
,118713554
,118713576
,118717726
,118715171
,118713649
,118713616
,118722625
,118713522
,118720939
,118720929
,118722569
,118722642
,118713714
,118713609
,118713635
,118713762
,118720889
,118713627
,118722860
,118714429
,118713633
,118713747
,118713584
,118713697
,118713724
,118713708
,118713776
,118713692
,118755888
,118713701
,118713703
,118713796
,118713782
,118720970
,118722667
,118713758
,118722845
,118713965
,118722818
,118714134
,118713956
,118714009
,118713871
,118713999
,118713979
,118714050
,118714031
,118715043
,118713750
,118713926
,118714025
,118714082
,118713949
,118713986
,118713946
,118713970
,118713841
,118722801
,118714191
,118713846
,118713886
,118714114
,118714221
,118721024
,118721039
,118714142
,118714067
,118714160
,118714054
,118714070
,118714124
,118714061
,118714074
,118713963
,118714088
,118735908
,118714150
,118721007
,118721086
,118714174
,118714239
,118714358
,118721101
,118714447
,118721120
,118721141
,118714297
,118714313
,118714097
,118722874
,118714263
,118714501
,118811675
,118714393
,118722896
,118834157
,118714475
,118722900
,118715232
,118721194
,118722947
,118715367
,118721348
,118721363
,118715253
,118715357
,118727907
,118716296
,118714985
,118716594
,118723234
,118715201
,118715203
,118721251
,118715488
,118712352
,118715343
,118721430
,118721268
,118721381
,118714710
,118714600
,118714961
,118716272
,118716318
,118715249
,118742161
,118721307
,118715962
,118716521
,118715409
,118714935
,118715430
,118716567
,118715068
,118716254
,118722968
,118714630
,118721300
,118717766
,118714612
,118721400
,118715030
,118749336
,118716064
,118715197
,118723125
,118716574
,118716447
,118716476
,118714723
,118716345
,118723188
,118714708
,118715540
,118715101
,118715787
,118716576
,118715283
,118716277
,118715403
,118715585
,118714854
,118714743
,118715158
,118716475
,118715532
,118714947
,118715010
,118717755
,118716228
,118714696
,118717595
,118714878
,118715252
,118715149
,118714641
,118723213
,118716368
,120096689
,118717787
,118715725
,118715923
,118716549
,118716375
,118716313
,118717529
,118721403
,118717602
,118716122
,118715944
,118735890
,118716208
,118715911
,118715860
,118716077
,118715674
,118717574
,118715683
,118715737
,118717561
,118721547
,118717555
,118717421
,118717629
,118715807
,118715619
,118715899
,118715110
,118716156
,118715949
,118717080
,118715884
,118716836
,118716160
,118716041
,118716017
,118716138
,118715776
,119207813
,118717238
,118715257
,118717694
,118717346
,118716194
,118717261
,118717282
,118716693
,118716625
,118716429
,118717365
,118717157
,118716672
,118717193
,118716718
,118716605
,118716751
,118716666
,118716736
,118715587
,118717175
,118716641
,118717271
,118716790
,118716172
,118717137
,118717491
,118716866
,118716850
,118716734
,118716826
,118721523
,118715721
,118716816
,118716992
,118716817
,118716988
,118728829
,118716874
,118716788
,118717638
,118717057
,118717205
,118717317
,118728191
,118716901
,118716176
,118717414
,118716898
,118717396
,118716963
,118716767
,118717484
,118716856
,118717115
,118716943
,118717429
,118717096
,118742002
,118721610
,118721479
,118717680
,118717470
,118716059
,118717389
,118717029
,118716950
,118721535
,118723096
,118721600
,118717718
,118721589
,118721504
,118723184
,118716778
,118721517
,118722996
,111541986
,118723370
,118716009
,118723146
,118723121
,118723099
,118717155
,118723111
,118723161
,118736051
,118717655
,118723163
,118723378
,118723175
,118723224
,118723066
,118717728
,118717200
,118723054
,118723053
,118723344
,118723198
,118723238
,118717710
,118717824
,118717810
,118723218
,118717730
,118723093
,118728016
,118728092
,118728182
,118728517
,118727783
,118728099
,118727787
,118727943
,118727876
,118728126
,118727885
,118727884
,118727848
,118727847
,118728275
,119178039
,118728110
,118727903
,118723252
,118728135
,118728278
,118728163
,118728053
,118727966
,118727804
,118727895
,118727863
,118727999
,118728042
,118728613
,118728022
,118727891
,118727877
,118728066
,118727917
,118728170
,118728142
,118728297
,118727915
,118728083
,118728177
,118727793
,118727812
,118728115
,118727952
,118728071
,118728623
,118727795
,118728158
,118728154
,118728625
,118728270
,118723476
,118727834
,118736859
,118727983
,118728645
,118728184
,118727839
,118728382
,118762484
,118728574
,118727753
,118728532
,118728543
,118728564
,118728336
,118728288
,118728305
,118728033
,118728326
,118728323
,118728316
,118728037
,118728346
,118728397
,118728588
,118728359
,7943588
,118728422
,118728390
,118728351
,118728427
,118728596
,118728606
,118728376
,118728201
,118728619
,118728428
,118728585
,118728405
,118728556
,118728415
,118728465
,118728823
,118728849
,118728464
,118728485
,118728812
,118735869
,118736090
,118735981
,118735931
,118735780
,118735792
,118735851
,118735843
,118735877
,118736080
,118735919
,118736001
,118748788
,118735872
,118728968
,118735841
,118728813
,118735960
,118736024
,118735911
,118735953
,118735942
,118735977
,118736094
,118735970
,118770622
,118735761
,118736042
,118735810
,118749754
,118735811
,118736037
,118736839
,118736996
,118736010
,118736059
,118736852
,118736030
,118742252
,118742091
,118742004
,118742102
,118742072
,118741966
,118742038
,118742115
,118736891
,118742089
,118741883
,118741906
,118762478
,118742060
,118741976
,118741911
,118742041
,118741918
,118742032
,118736911
,118741866
,118770765
,118741940
,118742010
,118741943
,118741989
,118741955
,118741968
,118742075
,118741929
,118742201
,118741890
,118741922
,118737634
,118742127
,118742134
,118742254
,118742243
,118742056
,118742259
,118741875
,118742194
,118742302
,118742080
,118742324
,118742325
,118742101
,118742347
,118742186
,118742315
,118742263
,118742180
,118742273
,118742224
,118742215
,118742232
,118748707
,118749249
,118750118
,118749498
,118748687
,118748727
,118750140
,118749236
,118750157
,118742945
,118749346
,118748840
,118748998
,118748920
,118749127
,118749093
,118748898
,118748810
,118742732
,118749106
,118749335
,118749293
,118749410
,118748957
,118749428
,118750132
,118749207
,118749200
,118749054
,118742794
,118748882
,118748997
,118748926
,118748901
,118748851
,118748880
,118749155
,118749256
,118748977
,118748823
,118748841
,118749043
,118749175
,118749403
,118742774
,118749395
,118749313
,118749126
,118748873
,118749390
,118748942
,118749279
,118749162
,118749016
,118749027
,118749291
,118749081
,118749404
,118748949
,118742814
,118749067
,118748854
,118748956
,118749411
,118749139
,118749100
,118749138
,118749274
,118749116
,118742843
,118749087
,118749266
,118749184
,118749251
,118749234
,118749282
,118749219
,118749363
,118749373
,118749330
,118742859
,118749381
,118748781
,118748644
,118748629
,118749488
,118742902
,118748750
,118748771
,118748809
,118750168
,118750016
,118756120
,118749460
,118750178
,118749693
,118749683
,118749531
,118756240
,118749530
,118749518
,118749686
,118749719
,118748659
,118749649
,118749662
,118749656
,118749503
,118749905
,118749706
,118749564
,118749628
,118749616
,118749482
,118749738
,118749311
,118749634
,118750189
,118749730
,118749556
,118749524
,118748628
,118749551
,118749470
,118749456
,118749803
,118749828
,118749880
,118748863
,118749761
,118749769
,118749810
,118749852
,118749870
,118749792
,118749823
,118749670
,118750151
,118750203
,118750145
,118749703
,118749980
,118749957
,118749767
,118749843
,118749737
,118761683
,118750059
,118750085
,118750079
,118749998
,118750038
,118750206
,118750069
,118750030
,118762516
,118756219
,118749956
,118750058
,118756236
,118750207
,118749953
,118749933
,118750019
,118749788
,118750097
,119124451
,118750669
,118750504
,118750523
,118750532
,118750513
,118750497
,118756308
,118756292
,118756287
,118756079
,118756099
,118755817
,118756656
,118756032
,118756253
,118755826
,118742304
,118755876
,118755912
,118756197
,118755852
,118755942
,118756143
,118755870
,118764725
,118756758
,118756187
,118756179
,118756000
,118755902
,118750665
,118756177
,118756058
,118756262
,118750623
,118756106
,118761551
,118755972
,118755934
,118755807
,118750614
,118756042
,118755986
,118756235
,118756036
,118756013
,118756069
,118756194
,118756116
,118756033
,118756061
,118756021
,118756285
,118756165
,118756051
,118756004
,118755843
,118756296
,118756777
,118756381
,118756213
,118755782
,118756126
,118756159
,118756391
,118756333
,118756353
,118756796
,118756846
,118755847
,118756652
,118756366
,118756323
,118756835
,118756785
,118756417
,118756824
,118756380
,118756334
,118761982
,118756088
,118756230
,118756784
,118755926
,118756493
,118756748
,118756872
,118756452
,118756425
,118756618
,118756843
,118756868
,118756853
,118762093
,118756543
,118756589
,118756522
,118756460
,118756470
,118756533
,118756570
,118756553
,118756561
,118756685
,118756626
,118757095
,118756695
,118757083
,118757080
,118756598
,118757074
,118757106
,118756646
,118756640
,118757109
,118757091
,118756881
,118757107
,118756633
,118762164
,118762172
,118762048
,118762162
,118762183
,118761598
,118761554
,118761646
,118761728
,118761979
,118761957
,118761588
,118761727
,118761664
,118762000
,118757238
,118762009
,118761674
,118762042
,118761508
,118761766
,118761603
,118761764
,118761994
,118761779
,118762034
,118761739
,118761516
,118761697
,118761537
,118761846
,118762095
,118761974
,118762066
,118762077
,118761637
,118762037
,118761617
,120091242
,118761788
,118761803
,118761815
,118761802
,118761796
,118781158
,118762108
,118762115
,118761879
,118761870
,118757796
,118761894
,118762193
,118762125
,118761850
,118761912
,118761904
,118766768
,118761871
,118762145
,118761931
,118761917
,118762113
,118761928
,118762146
,118766587
,118766879
,118766834
,118762488
,118770938
,118766461
,118767020
,118766483
,118762457
,118766763
,118766543
,118766474
,118766665
,118766694
,118767009
,118766460
,118766484
,118766496
,118766448
,118766713
,118762528
,118766739
,118766722
,120023882
,118766889
,118762536
,118766815
,118762529
,118762507
,118766695
,118763527
,118762531
,118766746
,118766902
,118766716
,118766956
,118766585
,118766605
,118766604
,118766513
,118766929
,118766791
,118766575
,120056159
,118766814
,118766850
,118766769
,118766862
,118766795
,118766911
,118770892
,118766688
,118766674
,118766981
,118766904
,118766903
,118766894
,118766868
,118766804
,118766965
,118766885
,118766908
,118770473
,118766970
,118766961
,118766989
,118770867
,118770959
,118767224
,118770842
,118770838
,118770620
,118770557
,118770638
,118770610
,118770546
,118770573
,118770561
,118770453
,118767201
,118770486
,118770599
,118770471
,118770612
,118770553
,118770565
,118767331
,118770822
,118770974
,118770825
,118770694
,118770721
,118770740
,118770704
,118770660
,118770724
,118770775
,118770717
,118770673
,118838393
,118770804
,118770596
,118771225
,118770793
,118770788
,118770949
,118770926
,118770882
,118770975
,118770808
,118770848
,118771220
,118770989
,118770874
,118771112
,118771162
,118771142
,118771189
,118771197
,118771219
,118771380
,118713583
,118711946
,118712849
,118709870
,118756419
,118742020
,118708949
,118709453
,118710827
,118722970
,118749671
,118761858
,118713273
,118756131
,118712550
,118761898
,118708817
,118709377
,118721269
,118761820
,118711726
,118761686
,118719585
,118722879
,118728065
,118723345
,118718337
,118736857
,118709250
,118715748
,118708897
,118761658
,118756619
,118720959
,118728225
,118711330
,118711712
,118722090
,118711059
,118710265
,118721757
,118709945
,119756141
,118710714
,118711535
,118711989
,118766969
,118710253
,118748767
,118742234
,118727969
,118756254
,118715951
,118722228
,118708645
,118770654
,118766741
,118749130
,118741993
,118711444
,118712436
,118728607
,118721343
,118712392
,118710001
,118718692
,118756562
,118755791
,118711513
,118756284
,118711042
,118708532
,120077637
,118756434
,118728589
,118715210
,118741954
,118762133
,118720354
,118711031
,118713732
,118709626
,118711581
,118720924
,118711650
,118770714
,118761599
,118756647
,118720777
,118712494
,118711454
,118723202
,118710659
,118722864
,118711470
,118717661
,118712914
,118709914
,118750191
,118722433
,118722571
,118742156
,118757094
,118770476
,118742195
,118711809
,118720147
,118722108
,118709581
,118712664
,118770845
,118714504
,118709524
,118719231
,118720856
,118756815
,118761913
,118720540
,118709540
,118709485
,118718446
,118708534
,118723136
,118717540
,118708984
,118709677
,118719893
,118712327
,118742103
,118709214
,118720768
,118721779
,118710896
,118713110
,118719059
,118708725
,118711585
,118717995
,118718547
,118708667
,118710086
,118709434
,118719752
,118708654
,118719669
,118710398
,118711720
,118709004
,118711129
,118709136
,118711290
,118709475
,118711395
,118709173
,118713523
,118714395
,118736009
,118709896
,118709135
,118709283
,118721466
,118762001
,118718066
,118712020
,118709662
,118711069
,118718346
,118709642
,118710966
,118720576
,118709202
,118708955
,118709148
,118720592
,118708641
,118708629
,118709100
,118708676
,118711004
,118718358
,118721765
,118708738
,119459145
,118718199
,118708601
,118709063
,118718027
,118709339
,118721635
,118718306
,118708942
,118709032
,118709286
,118708573
,118720521
,118709073
,118708974
,118718460
,118718038
,118708907
,118717934
,118708883
,118718028
,118708565
,118709161
,118708537
,118708650
,118708905
,119537016
,118709105
,118709078
,118709000
,118709230
,118718493
,118708968
,118718183
,118718169
,118709201
,118709084
,118709391
,118708915
,118709186
,118708852
,118709118
,118708832
,118708813
,118708854
,118718053
,118709348
,118981127
,118718432
,118718522
,118718500
,118709023
,118709326
,118708752
,118709889
,118708836
,118718659
,118718418
,118709185
,118718678
,118718648
,118717923
,118708842
,118708660
,118718793
,118709109
,118718515
,118709098
,118718826
,118718684
,118708794
,118963558
,118708543
,118708700
,118709363
,118709094
,118709269
,118718604
,118718483
,118709350
,118718785
,118708966
,118718606
,118718004
,118711743
,118708596
,118709358
,118709745
,118718757
,118709506
,118708723
,118718742
,118718608
,118718640
,118718902
,118718596
,118718627
,118718668
,118718781
,118718674
,118719410
,118718532
,118721675
,118721699
,118718476
,118718356
,118708535
,118718395
,118709418
,118709588
,118717878
,118709009
,118718297
,118710765
,118718293
,118713987
,118708889
,118709568
,118718129
,118709406
,118709609
,118709366
,118718283
,118718139
,118718880
,118718152
,118709433
,118718318
,118719093
,118718888
,118718900
,118718670
,118709049
,118718105
,118709547
,118709295
,118709262
,118718953
,118721793
,118718867
,118709311
,118709566
,118721819
,118709535
,118709582
,118719058
,118708913
,118708887
,118708904
,118709473
,118713585
,118709619
,118711790
,118718959
,118709708
,118718965
,118721849
,118709440
,118718932
,118710620
,118719938
,118709600
,118721829
,118710469
,118721807
,118709602
,118719707
,118709850
,118721941
,118709489
,118710247
,118711901
,118719080
,118709954
,118719451
,118719663
,118709985
,118709893
,118749748
,118709528
,118719720
,118719034
,118720235
,118721919
,118719429
,118709999
,118711114
,118719638
,118710423
,118710237
,118710376
,118709756
,118719379
,118719490
,118719299
,119363826
,118719126
,118719239
,118719337
,118719277
,118711135
,118722003
,118709727
,118710073
,118710630
,118710095
,118709761
,118710109
,118719695
,118710135
,118710314
,118710121
,118709763
,118710227
,118722038
,118709782
,118710167
,118719477
,118719613
,118719595
,118719901
,118719675
,118719574
,118719711
,118719555
,118709856
,118720941
,118710360
,118719439
,118710344
,118710336
,118719412
,118710326
,118710012
,118709827
,118710702
,118710317
,118722136
,118719192
,118710028
,118711685
,118710409
,118710315
,118721979
,118710286
,118710387
,118721917
,118719583
,118710129
,118721973
,119138509
,118710946
,118710511
,118719581
,118710552
,118710548
,118719906
,118719655
,118710450
,118710479
,118710732
,118722072
,118710083
,118710974
,118710731
,118711502
,118710638
,118710546
,118710643
,118719479
,118710577
,118721957
,118750031
,118711108
,118710766
,118710195
,118710706
,118710568
,118719764
,118712972
,118710690
,118711099
,118722373
,118710723
,118710675
,118710666
,118710828
,118711022
,118710774
,118719910
,118710808
,118710846
,118710849
,118711990
,118710567
,118711125
,118722154
,118710882
,118748674
,118711045
,118710940
,118710929
,118711118
,118710698
,118770583
,119326781
,118711781
,118711079
,118711063
,118711372
,118711888
,118711407
,118711724
,118711631
,118711339
,118711621
,118711596
,118711366
,118711441
,118711566
,118711824
,118711869
,118720315
,118720567
,118728172
,118720599
,118711353
,118720369
,118711998
,118711815
,118720245
,118720331
,118720343
,118720398
,118711078
,118720301
,118711879
,119183908
,118711402
,118720418
,118720487
,118722250
,118711765
,118711464
,118711859
,118711379
,118711925
,119719905
,118712014
,118722181
,118722220
,118711848
,118720432
,118711569
,118711646
,118711179
,118720213
,118711185
,118720188
,118720164
,118720043
,118713218
,118711392
,118720385
,118720557
,118720299
,118711912
,118711805
,118711904
,118711746
,118720470
,118711602
,118711678
,118722286
,118711838
,118720269
,118711836
,118711780
,118711973
,118711548
,118711885
,118712045
,118711690
,118720253
,118711900
,118711428
,118712013
,118711939
,118711764
,118711742
,118711555
,118720505
,118711416
,118711633
,118711664
,118711487
,118711916
,118711828
,118711503
,118722212
,118712627
,118722242
,118711539
,118712021
,118720293
,118720704
,118720139
,118720674
,118720658
,118720395
,118711694
,118720450
,118720349
,118688080
,118720633
,119790390
,118720367
,118742327
,118722306
,118720614
,118750200
,118722308
,118711981
,118712004
,118712052
,118722344
,118713117
,118712032
,118720724
,118712305
,118712862
,118712400
,118712609
,118712814
,118712642
,118720706
,118712875
,118712686
,118712715
,118712758
,118712669
,118712359
,118712647
,118712845
,118753600
,118712337
,119359676
,118712795
,118712965
,118712810
,118712826
,118712821
,118712602
,118712427
,118712867
,118712876
,118712128
,118728267
,119554857
,118712471
,118712449
,118712318
,118712502
,118712709
,118712705
,118712483
,118712789
,118712633
,118713404
,118712734
,118712503
,118712177
,118712557
,118720719
,118712416
,118712463
,118712778
,118712637
,118712516
,118712570
,118712540
,118771178
,118728145
,118712453
,118712212
,118712615
,118712888
,118712657
,118712597
,118712925
,118712579
,118712941
,118712226
,118722369
,118712228
,118712693
,118712673
,118712366
,118712386
,118712480
,118712746
,118712904
,118712930
,118713040
,118712268
,118713254
,118713068
,118713057
,118713085
,118712338
,118713092
,118712982
,118712299
,118712334
,118713241
,118713181
,118713191
,118713134
,118712405
,118713142
,118712958
,118713144
,118713163
,118713173
,118722398
,118713516
,118713260
,118713366
,118713023
,23675427
,118713188
,118714339
,118720730
,118720732
,118720787
,118720797
,118722409
,118713232
,118713199
,118713208
,118713448
,118713371
,118720908
,118720891
,118713394
,118713338
,118713495
,118713511
,118720864
,118713500
,118713470
,118713439
,118712919
,118720877
,118720829
,118720837
,118720849
,118761699
,118713465
,118723100
,118714135
,118722494
,118722522
,118722658
,118713384
,118713441
,118713457
,118713491
,118713482
,118713393
,118713464
,118714083
,118722610
,118717514
,118713550
,118713652
,118713566
,118713370
,118713659
,118722703
,118713603
,118713617
,118722573
,118713540
,118713577
,118722643
,118713668
,118713702
,118713636
,118713753
,118713611
,118713778
,118722626
,118720950
,118713743
,118713748
,118714299
,118713772
,118713715
,118722729
,118713605
,118713727
,118713660
,118722719
,118722857
,118713892
,118722777
,118770983
,118713905
,118780613
,118722902
,118714044
,118713980
,118713947
,118714033
,118722806
,118713938
,118722835
,118713967
,118713966
,118714000
,118713923
,118714024
,118713950
,118714094
,118713930
,118713907
,118713853
,118728360
,118721042
,118713960
,118722820
,118720991
,118713889
,118714115
,119610149
,118714068
,118714222
,118714062
,118714127
,118714161
,118714055
,118714151
,118721142
,118714192
,118721074
,118714431
,118714268
,118714279
,118714249
,118721115
,118756313
,118721125
,118714316
,118714386
,118714354
,118717795
,118721103
,118721104
,118714405
,118714368
,118714317
,118714237
,118714476
,118714490
,118714397
,118714464
,118721159
,118714449
,118721183
,118721188
,118728631
,118714522
,118714454
,118716230
,118721423
,118721405
,118721409
,118716480
,118716226
,118716300
,118716347
,118714528
,118714569
,118715369
,118714560
,118727860
,118716256
,118714582
,118735842
,118721313
,118721289
,118715428
,118741967
,118715517
,118715544
,118716320
,118715444
,118716381
,118716449
,118715753
,118715345
,118714626
,118714623
,118715174
,118716338
,118715649
,118721252
,118716442
,118715124
,118715151
,118715493
,118714882
,118715046
,118714644
,118715028
,118714914
,118715589
,118714958
,118714673
,118736027
,118727973
,118715012
,118715741
,118716399
,118714699
,118715165
,118715562
,118716505
,118715103
,118716489
,118716600
,118715080
,118714987
,118715402
,118715538
,118716419
,118716265
,118716359
,118715259
,118715039
,118713148
,118715735
,118716270
,118723215
,118715263
,118716316
,118715790
,118714931
,118715270
,118750005
,118716580
,118716557
,118715291
,118722923
,118715234
,118717633
,118715705
,118714921
,118715410
,118716404
,118722988
,118721370
,118714983
,118714936
,118716754
,118716478
,118721525
,118762086
,118717604
,118716431
,118723064
,118715055
,118717562
,118715835
,118715965
,118715894
,118715886
,118717531
,118721361
,118715924
,118756370
,118716174
,118717557
,118715937
,118715817
,118717578
,118721337
,118715623
,118715079
,118715875
,118717625
,118728128
,118723379
,118716118
,118716142
,118717330
,118722959
,118717062
,118716135
,118715912
,118717368
,118728575
,118717082
,118717176
,118715848
,118716124
,118716068
,118716079
,118717367
,118717240
,118716048
,118716720
,118717117
,118716698
,118715400
,118717348
,118715500
,118716646
,118716670
,118716668
,118716738
,118716673
,118717259
,118715455
,118721383
,118717307
,118716607
,118716626
,118717328
,118716523
,118716370
,118715522
,118716940
,118716195
,118716769
,118717142
,118717209
,118716854
,118717146
,118716990
,118717273
,118721624
,118716952
,118716780
,118721482
,119015889
,118716876
,118716903
,118717042
,118716926
,118716841
,118717640
,118717019
,118721549
,118716906
,118717416
,118717211
,118717732
,118716932
,118715801
,118717158
,118716868
,118721465
,118716965
,118717098
,118721579
,118717454
,118715985
,118721602
,118722998
,118721591
,118717682
,118717597
,118717431
,118717036
,118717003
,118723371
,118749806
,118717770
,118717757
,118723109
,118717826
,118723081
,118723129
,118723392
,118723068
,118717739
,118723177
,118723387
,118717698
,118723085
,118723046
,118723190
,118723167
,118723122
,118723049
,118727878
,118723176
,118723149
,118723131
,118717833
,118723118
,118723094
,118723340
,118721575
,118723235
,118723361
,118717805
,118721562
,118728084
,118728547
,118728038
,118728614
,118727912
,118727924
,118727838
,118727883
,111238921
,118727939
,118727992
,118727814
,118728136
,118727880
,118761573
,118728185
,118727938
,118728164
,118727958
,118727760
,118727854
,118728002
,118727951
,118728116
,118727833
,118728100
,118728249
,118728117
,118728178
,118727855
,118727906
,118728141
,118727984
,118727826
,118728151
,118728072
,118727994
,118727798
,118727985
,118723307
,118728337
,118728327
,118728023
,118728637
,118727882
,118723480
,118723469
,118728330
,118728255
,118727764
,118727765
,118756293
,118728544
,118728328
,118728216
,118727770
,118728565
,118728262
,118735978
,118728533
,118728103
,118728858
,118728206
,118728306
,118728289
,112264534
,118728432
,118728393
,118728391
,118728417
,118728646
,118728369
,118766673
,118728425
,118728597
,118728324
,118728486
,118728429
,118728476
,118728610
,118728807
,118728467
,118728854
,118728477
,118735945
,118735979
,118728868
,118728967
,118728857
,118735779
,118735923
,118735781
,118735954
,118757205
,118735862
,118735884
,118736087
,118735887
,118735844
,118735900
,118735895
,118761754
,118735914
,118735990
,118728979
,118735939
,118735878
,118736081
,118749778
,118728838
,118735760
,118735824
,118735767
,118735799
,118735933
,118735812
,118736060
,118735928
,118736840
,118736096
,118735963
,118736038
,118736065
,118736043
,118736100
,118736865
,118736987
,118742242
,118736990
,118742073
,118742260
,118742225
,118741897
,118736883
,118741884
,118736881
,119635058
,118742147
,118736885
,118741871
,118742005
,118741865
,118742044
,118736887
,118742108
,118741956
,118742012
,118736954
,118736900
,118741930
,118742206
,118741907
,118741990
,118736943
,118741995
,118741919
,118741977
,118741944
,118742187
,118742062
,118742152
,118742181
,118742131
,118742137
,118756101
,118742082
,118742120
,118741873
,118742253
,118750021
,118742090
,120057864
,118741862
,118742326
,118742033
,118742311
,118742316
,118742348
,111375712
,118742162
,118742265
,118742274
,118742267
,118742216
,118748647
,118750120
,118750169
,118749323
,118749332
,118748660
,118749257
,118749143
,118748960
,118749265
,118749221
,118742736
,118749314
,118748871
,118748876
,118748710
,118749097
,118749082
,118749157
,118749396
,118749295
,118748842
,118742720
,118748981
,118742751
,118748932
,118749068
,118749172
,118749275
,118749000
,118748953
,118750133
,118749084
,118748845
,118749069
,118749018
,118749233
,118749380
,118749222
,118749181
,118749140
,118742783
,118748883
,118748904
,118749317
,118749352
,118749044
,118748906
,118749028
,118748716
,118749007
,118749240
,118748855
,118748984
,118749700
,118749405
,118749165
,118748921
,118748944
,118748965
,118748909
,118749208
,118742857
,118749292
,118749300
,118749357
,118749422
,118742863
,118749418
,118749252
,118742822
,118748793
,118748688
,118748761
,118748833
,118749371
,118748730
,118749341
,120017549
,118749409
,118748806
,118748668
,118749347
,118749378
,118749557
,118748783
,118748747
,118750142
,118750116
,118766586
,118748790
,118749936
,118749542
,118749507
,118749684
,118748616
,118749829
,118749606
,118749739
,118749515
,118749501
,118757125
,118749567
,118749464
,118749709
,118749484
,118749552
,118749635
,118749988
,118768030
,118749459
,118749901
,118756611
,118749473
,118750070
,118756572
,118749650
,118748695
,118749935
,118756203
,118749663
,118749487
,118749864
,118750060
,118749576
,118749725
,118749916
,119086144
,118749903
,118749182
,118749755
,118749793
,118756494
,118749689
,118749959
,118749883
,118749813
,118749763
,118749779
,118749920
,118749659
,118750050
,118749812
,118750099
,118749432
,118750103
,118749966
,118749925
,118750208
,118749987
,118756122
,118750041
,118749955
,118750209
,118750020
,118750109
,118749999
,118750677
,118749774
,118750675
,118750515
,118756263
,118750505
,118750672
,118750098
,118755915
,118756117
,118756674
,118756759
,118755937
,118755800
,119349427
,118756091
,118755809
,118750540
,118755819
,118750549
,118756089
,118756137
,118756109
,118755991
,118755945
,118756754
,118756173
,118755837
,118750564
,118756749
,118756002
,118756145
,118756738
,118756854
,119305281
,118756820
,118756070
,118755957
,118755824
,118756183
,118755780
,118755975
,118756154
,118756276
,118755980
,118756211
,118756168
,118756038
,118756028
,118756657
,118756026
,118755968
,118756315
,118756047
,118756064
,118755844
,118750859
,118750841
,118756188
,118756220
,118761918
,118755924
,118756793
,118756874
,118756241
,118756078
,118756288
,118756787
,118756375
,118755775
,118755779
,118750625
,118756361
,118756812
,118755928
,118756299
,118756426
,118756441
,118756387
,118756800
,118756836
,118756325
,118755887
,118756368
,118756385
,118756447
,118756871
,118755871
,118756825
,118766931
,118756309
,118756358
,118756453
,118756545
,118756845
,118756471
,118761768
,118756481
,118756461
,118756534
,118756406
,118756882
,118756523
,118756502
,118756524
,118756554
,118756627
,118756599
,118757071
,118756641
,118756696
,118757123
,118756590
,118756684
,118756581
,118757100
,118756600
,118757119
,118762195
,118762173
,118770627
,118761730
,118756638
,118761653
,118761742
,118762184
,118762058
,118757128
,118761958
,118762073
,118761575
,118761590
,118766457
,118761983
,118761557
,118761729
,118762078
,118762014
,118761950
,118761638
,118761707
,118762008
,118762165
,118762094
,118762023
,118762017
,118761502
,118761519
,120082675
,118757264
,118757175
,118757265
,118761684
,118761995
,118762067
,118761616
,118761975
,118757189
,118761517
,118761984
,118761618
,118761967
,118762174
,118761677
,118761665
,106089766
,118761628
,118761765
,118757406
,118761804
,118761825
,118761830
,118761780
,118761789
,118762057
,118762102
,118761797
,118761495
,118762118
,118761883
,118761840
,118762109
,118761902
,118762147
,118761861
,118770981
,118766914
,118766742
,118761922
,118761934
,118762439
,118762155
,118766485
,118766606
,118766761
,118767008
,118766690
,118762469
,118766644
,118766501
,118766616
,118762467
,118766653
,118766532
,118766610
,118766449
,118762475
,118766510
,118766482
,118766544
,118766643
,118766451
,118766490
,118767014
,118766836
,118766684
,118766731
,118766755
,118766875
,118766703
,118766706
,118762517
,118766717
,118766632
,118762637
,118766748
,118766860
,118766870
,118766747
,118766579
,118766855
,118766829
,118767023
,118766840
,118766922
,118766778
,118770499
,118766939
,118766714
,118766945
,118766883
,118766955
,118766888
,118766944
,118766985
,118766526
,118766560
,118770967
,118770865
,118770962
,118767175
,118770644
,118771119
,118770849
,118770598
,118770605
,118770883
,118767226
,118770607
,118767174
,118770868
,118770543
,118770493
,118770509
,118770455
,118770640
,118770576
,118770859
,118770686
,118770586
,118770720
,118770818
,118770738
,118770732
,118770727
,118770731
,118770750
,118770935
,118770718
,118770768
,118770741
,118770621
,118770758
,118770661
,118770805
,118770642
,118770813
,118770597
,118770668
,118770972
,118770826
,118770832
,118770889
,118770995
,118771122
,118771246
,118771185
,118771263
,118771214
,118771250
,118771373
,118769109
,118727803
,118719082
,118713588
,118710475
,118761576
,118748955
,118728152
,118728811
,118766750
,118720221
,118719700
,118716840
,118761527
,118708763
,118741958
,118723356
,118762050
,118722721
,118709196
,118710307
,118717736
,118742092
,118717266
,118712905
,118723248
,118756742
,118741953
,118771123
,118761884
,118717689
,118728241
,118709980
,118756386
,118715914
,118709050
,118756547
,118710883
,118749690
,118749315
,118748622
,118728848
,118755801
,118715926
,118719285
,118713951
,118770790
,118715590
,118716770
,118716785
,118713679
,118710495
,118728598
,118721162
,118749308
,118749850
,118710830
,118728478
,118718263
,118761700
,118711849
,118762158
,118762437
,118719302
,118761767
,118755949
,118711825
,118713637
,118711831
,118720850
,118714085
,118728550
,118717771
,118752905
,118770529
,118749508
,118742240
,118721384
,118749939
,118714373
,118749590
,118761486
,118711837
,118718589
,118709939
,118710793
,118708956
,118720931
,119635664
,118714069
,118728815
,118716493
,118712765
,118710826
,118708833
,118766906
,118742074
,118713169
,118761852
,118710345
,118710093
,118720131
,118720579
,118719465
,118710322
,118766959
,118711635
,118719019
,118711023
,118720454
,118710720
,118712675
,118714128
,118721831
,118709787
,118710652
,118750110
,118721271
,118719354
,118756112
,118719805
,118756525
,118711105
,118711962
,118713461
,118719036
,118713030
,118717144
,118713677
,118718171
,118742297
,118719650
,118716652
,118718994
,118709633
,118756677
,118723047
,118711658
,118721659
,118718858
,118710094
,118770645
,119051315
,118713925
,118713050
,118722346
,118723204
,118710400
,118712485
,118719615
,118718890
,118712005
,118719029
,118721136
,118728609
,118720350
,118750071
,118742318
,118719363
,118709455
,118708540
,118714321
,118711632
,118720587
,118709966
,118718912
,118709280
,118710945
,118721144
,118717902
,118719249
,118709370
,118710874
,118711188
,118721709
,118717914
,118709058
,118709012
,118709324
,118718079
,118718478
,118708923
,118708603
,118708744
,118718247
,118718301
,118708589
,118708577
,118718254
,118718384
,118708709
,118718320
,118714963
,118718011
,118708724
,118713329
,118713410
,118717952
,118718392
,118709231
,118708940
,118718047
,118718279
,118708875
,118717943
,118708898
,118709189
,118708871
,118708909
,118708930
,118709138
,118708736
,118717984
,118718447
,118718017
,118708927
,118718064
,118710361
,118708612
,118708847
,118711713
,118710410
,118718126
,118718141
,118708857
,118718805
,118708651
,118709287
,118708815
,118709024
,118709119
,118709107
,118709305
,118709137
,118709187
,118718817
,118718517
,118709156
,118708624
,118718536
,118709285
,118709351
,118708967
,118718714
,118709328
,118718784
,118721645
,118718828
,118709361
,118718761
,118708996
,118719063
,118718694
,118709965
,118709306
,118717972
,118718971
,118718696
,118709042
,118713483
,118708682
,118709033
,118718724
,118718723
,118718618
,118708630
,118719464
,118718582
,118708695
,118718241
,118717957
,118709376
,118721637
,118708796
,118718271
,118708751
,118718374
,118709541
,118717846
,118711355
,118709320
,118718884
,118718145
,118718335
,118709441
,118709457
,118710670
,118719060
,118721743
,118718938
,118708670
,118710581
,118721753
,118709710
,118717932
,118741921
,118719103
,118709612
,118708705
,118718926
,118709497
,118709265
,118709567
,118709426
,118710062
,118709544
,118721749
,118708790
,118709296
,118709525
,118709255
,118709411
,118708809
,118708881
,118709574
,118709606
,118709628
,118709693
,118709552
,118721691
,118710504
,118709396
,118709448
,118709632
,118719018
,118728279
,118709468
,118709685
,118719084
,118719016
,118709519
,118709680
,118720569
,118709561
,118709487
,118709491
,118710000
,118709986
,118709911
,118709899
,118710351
,118709915
,118710262
,118722278
,118719314
,118709933
,118710421
,118719002
,118719873
,118719828
,118719716
,118710426
,118719678
,118710371
,118762030
,118719625
,118719654
,118709891
,118711138
,118719255
,118719300
,118721891
,118719242
,118711103
,118709876
,118710126
,118710256
,118721985
,118719268
,118722021
,118710300
,118710377
,118722060
,118710156
,118719507
,118710112
,118719395
,118710279
,118710219
,118710228
,118719697
,118719511
,118710014
,118710438
,118710382
,118710431
,118710042
,118720925
,118710391
,118710443
,118719201
,118710414
,118710388
,118719631
,118719743
,118709809
,118722100
,118722040
,118710056
,118709818
,118710152
,118709839
,118719369
,118710727
,118710582
,119100332
,118719577
,118710821
,118710324
,118719774
,118720216
,118711679
,118719867
,118710570
,118719837
,118710541
,118710472
,118710592
,118770811
,118710716
,118710644
,118710575
,118710490
,118719766
,118710757
,118710604
,118710586
,118722050
,118710900
,118711915
,118750051
,118711080
,118719820
,118722104
,118710598
,118710608
,118710683
,118711745
,118710709
,118710194
,118710614
,118710693
,118721967
,118711074
,118710609
,118710650
,118710782
,118710341
,118710869
,118710865
,118710800
,118766957
,118710856
,118713988
,118710829
,118713118
,118722126
,118719916
,118711040
,118711087
,118711096
,118710498
,118722288
,118710246
,118716372
,118711860
,118719968
,118710859
,118710941
,118711041
,118710451
,118719935
,118711134
,118711126
,118710957
,118711013
,118710998
,118711055
,118711727
,118711009
,118711084
,118713621
,118711404
,118719948
,118722230
,118711880
,118711926
,118711761
,118722252
,118711396
,118711934
,118711779
,119636635
,118711965
,118711782
,118722191
,118720377
,118720165
,118720420
,118719981
,118711586
,118711982
,118711949
,118679330
,118711385
,118711340
,118711672
,118711648
,118720554
,118720404
,118711488
,118720149
,118722162
,118711430
,118711174
,118711442
,118720316
,118711811
,118721426
,118720679
,118711817
,118720473
,118711601
,118712043
,118711806
,118711425
,118711795
,118711359
,118711736
,118711598
,118711624
,118720047
,118711471
,118711701
,118711455
,118720615
,118720508
,118711417
,118711556
,118720639
,118720543
,118711947
,118711906
,118720594
,118711691
,118711514
,118711604
,118720100
,118711651
,118720489
,118720237
,118711999
,118711527
,118980779
,118711536
,118720286
,118711504
,118711549
,118711686
,118711489
,118711748
,118711505
,118712927
,118711546
,118711983
,118712603
,118711467
,118711520
,118711785
,118711276
,118728143
,118722214
,118711665
,118711919
,118711871
,118722183
,118720444
,118720522
,118720662
,118711850
,119728363
,118712022
,118712054
,118720692
,118712387
,118712329
,118712325
,118762166
,118756503
,118712439
,118712031
,118712735
,118712822
,118712790
,118722371
,118712787
,118712616
,118712685
,118712811
,118712590
,118712537
,118712624
,118712677
,118712663
,118712582
,118712572
,118712496
,118712528
,118712457
,118712075
,118712864
,118712868
,118712083
,118712645
,118712915
,118712634
,118712853
,118712111
,118712839
,118712656
,118712772
,118712126
,118712628
,118712339
,118712519
,118712828
,118712464
,118712598
,118712850
,118712520
,118712306
,118712846
,118712721
,118733555
,118722331
,118713444
,118712166
,118712726
,118712779
,118712195
,119403198
,118712759
,118712539
,118712716
,118712221
,118712562
,118717493
,118712791
,118712869
,118712967
,118712243
,118712942
,118712368
,118722377
,118713155
,118712486
,118712551
,118712393
,118981764
,118942319
,118713042
,118713093
,118749241
,118712932
,118712897
,118713086
,118713058
,118712889
,118713002
,118712971
,118712361
,118712389
,118713111
,118713192
,118713126
,118713174
,118713145
,118720735
,118713164
,118720760
,118713258
,118713267
,118720778
,118720752
,118722435
,118713262
,118720727
,118720769
,118713220
,118722407
,118720799
,118713039
,118713212
,118713222
,118720788
,118713939
,118722412
,118720961
,118713399
,118720946
,118713517
,118713221
,118713505
,118713531
,118720868
,118720975
,118713285
,118713429
,118713264
,118720858
,118713387
,118713424
,118713294
,118713716
,118722601
,118720893
,118720881
,118713693
,118713920
,118713685
,118713378
,118713428
,118722686
,118713420
,118720910
,118713512
,118722612
,118722675
,118713469
,118713580
,118713618
,118713569
,118713334
,118714251
,118713579
,118713544
,118713368
,118713525
,118722705
,118761875
,118722644
,118713628
,118715739
,118713624
,118750494
,118722660
,118713764
,118722731
,118713733
,118716530
,118713698
,8075045
,118713744
,118713780
,118712442
,118728041
,118714144
,118720995
,118713969
,118728445
,118722783
,118714001
,118713873
,118714034
,118714013
,118713893
,118749926
,118713955
,118713857
,118722791
,118722821
,118713906
,118756454
,118722808
,118722851
,118762185
,118722825
,118721076
,118714136
,118721044
,118720997
,118714096
,118714152
,118721026
,118714223
,118714116
,118714056
,118714162
,118714153
,118714176
,118714194
,118714269
,118714217
,118721008
,118722881
,118714319
,118714277
,118714451
,118714301
,118722841
,118714362
,118714505
,118721126
,118714108
,118714399
,118714466
,118714530
,118714433
,118714417
,118721097
,118722904
,118721179
,118714478
,118721190
,118721386
,118723383
,118721364
,118721372
,118716536
,118721407
,118716045
,118722949
,118728590
,118722972
,118716379
,118716507
,118716212
,118715048
,118715471
,118716451
,118715293
,118715567
,118715497
,118721432
,118715554
,118714603
,118721357
,118721253
,118714555
,118716403
,118721302
,118716321
,118716525
,118716578
,118714598
,118715021
,118721315
,118715518
,118716258
,118716453
,118715792
,118715371
,118715447
,118715413
,118716556
,118721224
,118714625
,118714605
,118715667
,118715437
,118750172
,118716323
,118715743
,118721291
,118714733
,118714916
,118716554
,118715084
,118716349
,118715128
,118714643
,118714668
,118723178
,118715289
,118715106
,118715208
,118714951
,118715495
,118715179
,118716361
,118716435
,118715207
,118715347
,118714990
,118714675
,118716569
,118716276
,118716298
,118715542
,118723373
,118714989
,118716582
,118714883
,118714872
,118716231
,118716482
,118715260
,118715176
,118714823
,118715156
,118728119
,118715712
,118716281
,118756344
,118715405
,118721345
,118717565
,118717584
,118716602
,118717563
,118717501
,118716740
,118717627
,118716115
,118721581
,118714852
,118721551
,118715888
,118717533
,118864859
,118715837
,118715953
,118715145
,118715630
,118715864
,118715685
,118715850
,118715939
,118717351
,118717216
,118723194
,118715852
,118721329
,118716050
,118721330
,118716099
,118716199
,118721527
,118717650
,118716111
,118717601
,118716032
,118717100
,118742188
,118715901
,118715421
,118749190
,118717286
,118717311
,118716677
,118716608
,118716177
,118717119
,118716628
,118716794
,118716756
,118716702
,118716722
,118753062
,119371318
,118717162
,118717332
,118716279
,118717066
,118717245
,118717400
,118717371
,118716967
,118717295
,118717022
,118716870
,118716821
,118717236
,118716824
,118717444
,118716905
,118716945
,118717333
,118717178
,118834458
,118716842
,118716857
,118716909
,118717398
,119644466
,118717472
,118717687
,118721604
,118715828
,118717487
,118717423
,118716993
,118721486
,118717044
,118717434
,118717085
,118717417
,118723134
,118723083
,118727785
,118717742
,118716772
,118723165
,118717777
,118723069
,118723388
,118723101
,118723137
,118723153
,118717665
,118723115
,118717700
,118723090
,118717759
,118723065
,118723140
,118723073
,118723082
,118721612
,118717797
,118721506
,118717229
,118723114
,118723226
,118723212
,118723236
,118723214
,118723000
,118723179
,118723362
,118723229
,118728407
,118723342
,118728576
,118723334
,118728566
,118728085
,118728146
,118727974
,118727932
,118727948
,118727856
,118728165
,118727993
,118727893
,118728067
,118727864
,118727881
,118728189
,118727840
,118728129
,118728192
,118728086
,118728101
,118749475
,118728271
,118727995
,118728074
,118727901
,118723272
,118727941
,118727797
,118728615
,118727849
,118728179
,118727910
,118728004
,118727953
,118727828
,118727986
,118728638
,118728027
,118728056
,118727967
,118727955
,118727971
,118727817
,118728648
,118727755
,118728276
,118727921
,118727807
,118955175
,118728299
,118728171
,118728137
,118728503
,118728308
,118728426
,118728527
,118728853
,118728242
,118728307
,118728339
,118728207
,118728318
,118728370
,118728399
,118728453
,118728416
,118728394
,118728418
,118728353
,118728436
,118728822
,118728487
,118728468
,118728457
,118728494
,118735786
,118735796
,118735927
,118735915
,118736003
,118736020
,118735852
,118735966
,118735909
,118735984
,118735994
,118735880
,118735937
,118735885
,118735944
,118736071
,118756659
,118735946
,118735955
,118736082
,118735891
,118735902
,118736077
,118735922
,118735801
,118735934
,118736052
,118736994
,118736049
,118736019
,118736102
,118736044
,118736061
,118736993
,118736101
,118736860
,118742266
,120039267
,118742116
,118742083
,118742064
,118741969
,118742104
,118742022
,118742034
,118742076
,118742235
,118736892
,118742148
,118741982
,118742043
,118742095
,118741973
,118742157
,118741920
,118741931
,118742200
,118757108
,118741891
,119697988
,118741860
,118742132
,118736922
,118742006
,118742261
,118741991
,118741942
,118741898
,118736898
,118742048
,118741947
,118742196
,118742338
,118742217
,118742143
,118742153
,118742173
,118742046
,118742305
,118742328
,118742244
,118742349
,118742166
,118742278
,118742276
,118742942
,118748689
,118748772
,118749349
,118749118
,118749185
,23030595
,118749099
,118748870
,118749297
,118748917
,118742719
,118750174
,118749089
,118742716
,118749237
,118749113
,118748961
,118749412
,118742745
,118748975
,118748844
,118749144
,118748933
,10520956
,118749213
,118748924
,118749029
,118748670
,118749019
,118748985
,118749337
,118749045
,118749264
,118749026
,118742792
,118742787
,118742793
,118749161
,118749188
,118748946
,118749142
,118748824
,118749070
,118748969
,118748846
,118749012
,118742813
,118748857
,118748881
,118748878
,118749280
,118749209
,118749260
,118749149
,118749083
,118749296
,118749058
,119201858
,118749205
,118749425
,118742862
,118749374
,118749294
,118749318
,118749348
,118749394
,118749216
,118749255
,118748773
,118749338
,118748811
,118748740
,118749103
,118749316
,118755913
,118749369
,118748752
,118748794
,118750134
,118748734
,118748784
,118749942
,118748618
,118748736
,118750175
,118749379
,118749514
,118749651
,118749569
,118749726
,118748720
,118749619
,118749276
,118749694
,118749707
,118749592
,118749881
,118750042
,118749609
,118749466
,118750061
,118749629
,118749533
,118749582
,118749491
,118749673
,118749618
,118749599
,118750022
,118748678
,118749708
,118749461
,118748690
,118749685
,118748646
,118748656
,118749960
,118749642
,118749740
,118749912
,118749743
,118749721
,118749545
,118749922
,118749855
,118749814
,118749906
,118749886
,118749794
,118750524
,118749180
,118749865
,118750190
,118749660
,118749835
,118750152
,118750197
,118749904
,118749758
,118794677
,118750075
,118749992
,118749967
,118755941
,118766978
,118756248
,118750081
,118757084
,118750179
,118749975
,118756132
,118750032
,118750100
,118749986
,118750216
,118756483
,118750104
,118750094
,118749954
,118750514
,118750498
,118750499
,118756373
,118750543
,118756062
,118755969
,118755845
,118756090
,118755840
,118756712
,118750536
,118756011
,118755958
,118756778
,118756014
,118750558
,118756156
,118756006
,118756125
,118755828
,118756746
,118755855
,118750645
,118756245
,118756190
,118756675
,118756266
,118756249
,118755981
,118756072
,118755931
,118761523
,118756160
,118755956
,118756039
,118756214
,118756005
,118756221
,118756301
,118756170
,118756768
,118756034
,118756227
,118755979
,118756184
,118750662
,118756207
,118756048
,118756666
,118756196
,118761753
,118756068
,118755995
,118756025
,118755872
,118869145
,118750869
,118756664
,118756743
,118756178
,118756371
,118756751
,118756110
,118756797
,118756435
,118756786
,118756813
,118756774
,118756873
,118749448
,118756440
,118755864
,118743061
,119979510
,118756837
,118756413
,118756420
,118756326
,118756827
,118756362
,118756428
,118756847
,118756855
,118756462
,118756495
,118756412
,118756535
,118756563
,118756573
,118761826
,118756555
,118756642
,118756620
,118757079
,118756582
,118757101
,118757081
,118756698
,118756591
,118756602
,118756883
,118757118
,118756580
,118756634
,118756648
,118757220
,118757093
,118761746
,118766910
,118762018
,118761955
,118761566
,118761558
,118761959
,118761627
,118761592
,118757132
,118761504
,118757140
,118762087
,118762002
,118761619
,118761985
,118762074
,118761639
,118761678
,118761954
,118770886
,118757242
,118761629
,118761740
,118762013
,118762035
,118757261
,118761708
,119850457
,118761786
,118762059
,118762052
,118757400
,118757067
,118761610
,118761769
,118761649
,118757393
,118757155
,118762068
,118761719
,118761659
,118761689
,118761731
,118761968
,118762043
,118761798
,118761816
,118761832
,118761776
,118761793
,118762110
,118761837
,118766589
,118761835
,118761843
,118761547
,118761905
,118761911
,118761807
,118761862
,118762148
,118762117
,118762135
,118762142
,118761919
,118767012
,118761935
,118761915
,118762151
,118761938
,118766456
,118761916
,118770669
,118762455
,118766915
,118770977
,118766687
,118766682
,118766504
,118766962
,118766497
,118766656
,118766508
,118766450
,118766971
,118766671
,118762497
,118762450
,118762476
,118766565
,118766646
,118766659
,118766667
,118766998
,118766698
,118766704
,118766754
,118766740
,118766707
,118766882
,118766618
,118766693
,118766545
,118767004
,118766715
,118766810
,118766926
,118766779
,118766987
,118766617
,118766819
,118766832
,118766516
,118766773
,118767024
,118766851
,118766776
,118766907
,118766916
,118766871
,118766895
,118766890
,118766948
,118766782
,118767028
,118770835
,118770945
,118770603
,118770560
,118770683
,118770955
,118770460
,118767185
,118770510
,118770707
,118770937
,118770617
,118770481
,119028798
,118770641
,118768944
,118770562
,118767216
,118770504
,118770964
,118770950
,118770963
,118770876
,118770697
,118770739
,118770726
,118770736
,118770751
,118770712
,118770674
,118770708
,118770666
,118770746
,118770525
,118770611
,118770584
,118770770
,118770675
,118770761
,118770653
,118770677
,118770815
,118770819
,118770969
,118770976
,118770924
,118770839
,118770984
,118770860
,118770809
,118770870
,118770679
,118771113
,118771116
,118771136
,118771155
,118771181
,118756383
,118756388
,118709141
,118761499
,118766678
,118749263
,118708957
,118710003
,118750490
,118735853
,118710933
,118709010
,118711490
,118717457
,118709735
,118710308
,118713589
,118742049
,118708743
,118761721
,118770877
,118766934
,118749031
,118710303
,118710870
,118715574
,118721303
,118719807
,118709139
,118770709
,118714002
,118885252
,118756142
,118714225
,118710352
,118719768
,118721267
,118727836
,118709164
,118766891
,118713625
,118709110
,118709970
,118761487
,118712736
,118749238
,118718829
,118717926
,118756169
,118712679
,118716509
,118709969
,118720287
,118720490
,118718655
,118723357
,118742930
,118710707
,118719621
,118709297
,118714917
,118710238
,118727954
,118757076
,118761668
,118710999
,118749585
,118712780
,118766896
,118710814
,118716242
,118756496
,118756029
,118710532
,118755895
,118761563
,118720955
,118716408
,118766770
,118708768
,118711637
,118713234
,118721387
,118710871
,118749990
,118709419
,118722950
,118710230
,118756448
,118721332
,118710631
,118710207
,118716367
,118710249
,118711343
,118721931
,119177398
,118716878
,118715546
,118714435
,118756635
,118761647
,118709188
,118721198
,118714377
,118710220
,118714343
,118713051
,118722106
,118719606
,118728479
,118713211
,118756104
,118710711
,118761741
,118761510
,118728472
,118723075
,118736664
,118721773
,118722301
,118713079
,118761771
,118713908
,118718084
,118717445
,118711187
,118712653
,118766650
,118711666
,118721655
,118703918
,118718068
,118757120
,118709537
,118708997
,118718676
,118721428
,118713182
,118719847
,118720058
,118719308
,118711967
,118714026
,118761997
,118712388
,118721993
,118708649
,118708677
,118710016
,118718023
,118718554
,118719397
,118709921
,118709546
,118709249
,118709934
,118709122
,118718233
,118710600
,118709157
,118718305
,118708545
,118722837
,118709051
,118709034
,118718201
,118708843
,118708713
,118708678
,118708578
,118708562
,118718134
,118717958
,118718448
,118708837
,118718214
,118708683
,118718173
,118718249
,118708928
,118718464
,118718541
,118709152
,118720230
,118717966
,118708911
,118708688
,118718480
,118708607
,118709220
,118708876
,118708760
,118708669
,118708931
,118708910
,118717936
,118709174
,118709059
,118708980
,118717807
,118708885
,118709121
,118709074
,118709207
,118708938
,118718188
,118709043
,118708761
,118711696
,118709168
,118718196
,118708943
,118719061
,118708916
,118709216
,118718000
,120034260
,118708990
,118718285
,118708851
,118718955
,118708604
,118709006
,118708793
,118709108
,118709342
,118718776
,118708820
,118718422
,118709199
,118718871
,118718787
,118718549
,118718509
,118718495
,118709198
,118718221
,118718501
,118709026
,118708754
,119905735
,118718698
,118722254
,118709167
,118721701
,118708880
,118718571
,118708662
,118709089
,118719738
,118718746
,118709589
,118718703
,118709392
,118709178
,118718726
,118718485
,118718637
,118718763
,118721799
,118709069
,118721789
,118709240
,118721627
,118718339
,118709579
,118709562
,118710257
,118708953
,118709569
,118718322
,118718158
,118708808
,118709407
,118709435
,118709595
,118718148
,118718275
,118708698
,119295856
,118709500
,118709397
,118709456
,118711119
,118718944
,118719107
,118710338
,118721683
,118719596
,118709553
,118709630
,118709527
,118709443
,118721817
,118709526
,118709530
,118708862
,118709672
,118709681
,118709686
,118709402
,118718928
,118709543
,118710131
,118718934
,118709474
,118721859
,118709430
,118709697
,118721903
,118709469
,118721855
,118718543
,118711115
,118719085
,118709665
,118711111
,118719732
,118709853
,118709902
,118719792
,118709887
,118709796
,118709877
,118710027
,118722023
,118935424
,118719754
,118719683
,118721925
,118719626
,118719330
,118710392
,118711064
,118709516
,118710365
,118719281
,118719808
,118719722
,118719670
,118710111
,118719355
,118710075
,118709923
,118710949
,118719224
,118710146
,118719513
,118710281
,118710124
,118719155
,118721981
,118710064
,118719534
,118722076
,118719530
,118710356
,118719564
,118719701
,118719726
,118719445
,118719517
,118719491
,118722007
,118710746
,118709837
,118710501
,118710055
,118710485
,118710132
,118710063
,118710163
,118719839
,118710656
,118710667
,118710717
,118710982
,118710835
,118711703
,118710539
,118719903
,118710948
,119355282
,118720151
,118721529
,118710660
,118710678
,118719855
,118710583
,118710137
,118719480
,118710695
,118710639
,118711714
,118719782
,118710923
,118719883
,118710779
,118710684
,118710671
,118710516
,118719985
,118710809
,118710613
,118719861
,118710676
,118710703
,118712035
,118710691
,118710778
,118710811
,118719908
,118711719
,118722630
,118711547
,118710921
,118711130
,118710462
,118741858
,118710518
,118710818
,118710860
,118711026
,118711010
,118710885
,118722110
,118711043
,118711143
,118719983
,118761989
,118711976
,118711101
,118710902
,118710977
,118711005
,118711160
,118710819
,118711320
,118711807
,118711405
,118711354
,118742226
,118711458
,118710983
,118720273
,118711857
,118722232
,118710909
,118722178
,118711571
,118711341
,118711603
,118720262
,118711583
,118720617
,118720438
,118719978
,118720358
,118711145
,118711420
,118720166
,118711380
,118720274
,118720317
,118711326
,118711881
,118711613
,118711141
,118711639
,118711766
,118720406
,118711935
,118711891
,118711333
,118720381
,118720541
,118711752
,118720434
,118720302
,118720422
,118711917
,118720032
,118720603
,118711198
,118720194
,118720180
,118711964
,118711180
,118711468
,118711923
,118711262
,118711220
,118720581
,118711445
,118711529
,118711540
,118711948
,118712053
,118711521
,118711491
,118711872
,119617738
,118722269
,118711495
,118735916
,118711252
,118711798
,118711456
,118720523
,118711652
,118720109
,119358893
,118711863
,118720525
,118711826
,118711622
,118711506
,118711479
,118712006
,118711659
,118711750
,118711605
,118711763
,118711852
,118711515
,118711558
,118711563
,118720264
,118720143
,118722216
,118712015
,118711264
,118720356
,118720621
,118720641
,118722235
,118720681
,118728138
,118712046
,118712025
,118712024
,118712058
,118712717
,118712727
,118712560
,118712583
,118712969
,118712753
,118712672
,118712766
,118712929
,118712658
,118712618
,118722333
,118712330
,118712933
,118712601
,118712890
,118712372
,118712907
,118722348
,118712599
,118712629
,118712842
,118713357
,118712158
,118712593
,118712521
,118712793
,118712660
,118712837
,118712866
,118712193
,118712461
,118712829
,118712450
,118712394
,118712430
,118712580
,118712812
,118712863
,118712487
,118712684
,118712639
,118712617
,118712553
,118712541
,118712575
,118712321
,118712643
,118712635
,118712697
,118722379
,118712706
,118712308
,118712342
,118712418
,118735865
,118712465
,118712370
,118713175
,118712505
,118712478
,118712751
,118712710
,118713043
,118713094
,118712938
,118712913
,118713008
,118713223
,118712414
,118722439
,119572091
,118712426
,118713112
,118720740
,118713261
,118713146
,118713184
,118713165
,118713193
,118713266
,118713157
,118720754
,118720770
,118722400
,118720780
,118755806
,118722414
,118720734
,118713425
,118720815
,118723382
,12202184
,118713251
,118713669
,118720866
,118722528
,118720897
,118713490
,118713411
,118720879
,118713476
,118713330
,118720914
,118713340
,118720845
,118713421
,118713484
,118720899
,118713442
,118713386
,118713398
,118722603
,118722636
,118713496
,118713726
,118713687
,118722465
,118713405
,118713447
,118713506
,118722688
,118722575
,118713367
,118713415
,118720933
,118713578
,118713526
,118713639
,118761844
,118722723
,118720947
,118713622
,118722661
,118713751
,118713781
,118713629
,118735903
,118713561
,118722614
,118713734
,118713740
,118713773
,118713717
,118720979
,118722732
,118713752
,118722746
,118723095
,118713735
,118722788
,118721001
,118722827
,118713927
,118713911
,118713897
,118721093
,118713989
,118714036
,118714011
,118714129
,118701463
,118713978
,118713952
,118713990
,118713828
,118722823
,118722853
,119668603
,118714198
,118713942
,118721029
,118714118
,118714137
,118721048
,118714271
,118721117
,118714196
,118714403
,118714177
,118714163
,118721052
,118728208
,118721072
,118714099
,118721417
,118716512
,118722876
,118715955
,118714419
,118714323
,118721138
,118722883
,118714303
,118714326
,118714080
,118714366
,118722842
,118721105
,118714281
,118714283
,118721128
,118714480
,118714453
,118714507
,118714468
,118699170
,118721196
,118714526
,118721166
,118714491
,118721366
,118715313
,118715635
,118721255
,118721359
,118716021
,118714901
,118721273
,118716496
,118716325
,118715238
,118716455
,118721385
,118714949
,118716583
,118721317
,118721292
,118721350
,118728254
,118716406
,118716213
,118714618
,118714996
,118721373
,118715108
,118714515
,118721435
,118728310
,118714741
,118715086
,118715459
,118714938
,118716350
,118716483
,118715502
,118716422
,118716341
,118715105
,118715499
,118715407
,118714687
,118715160
,118714995
,118750072
,118715212
,118715714
,118714967
,118722943
,118728841
,118714754
,118715794
,118715556
,118716284
,118715594
,118715181
,118715214
,118716327
,118716233
,118715348
,118723350
,118716395
,118715678
,118714790
,118716560
,118716457
,118716437
,118715297
,118715050
,118728078
,118722975
,118717218
,118721539
,118716612
,118716127
,118716532
,118717512
,118717508
,118717631
,118756879
,118717530
,118715696
,118715889
,118715903
,118717544
,118727946
,118770850
,118717606
,118717567
,118715839
,118714943
,118714976
,118715916
,118716100
,118715866
,118717069
,118715059
,118721553
,118717353
,118716052
,118715755
,118717268
,118715928
,118716147
,118716071
,118716140
,118715879
,118716125
,118721508
,118716086
,118715969
,118716679
,118721447
,118716709
,118716303
,118717247
,118716654
,118716377
,118716616
,118716742
,118716630
,118716185
,118721492
,118716774
,118717369
,118717344
,118716260
,118716203
,118716844
,118716675
,118723205
,118717046
,118717319
,118716968
,118849655
,118717280
,118717182
,118716796
,118717028
,118715772
,118716915
,118716884
,118717653
,118716970
,118716947
,118717387
,118716907
,118716995
,118716792
,118717461
,118717139
,118717087
,118717401
,118716823
,118717425
,118715987
,118717104
,118717289
,118717734
,118717696
,118717222
,118723203
,118721593
,118717489
,118717474
,118717703
,118717010
,118721614
,118717373
,118716858
,118717121
,118717244
,118723057
,118723168
,118723192
,118717746
,118723346
,118723155
,118717667
,118717808
,118723127
,118723091
,118723135
,118723116
,118717064
,118723169
,118727996
,118723142
,118723389
,118717741
,118723056
,118770578
,118723060
,118723220
,118723227
,118723191
,118723374
,119734363
,118717817
,118717510
,118723369
,118723364
,118717830
,118717812
,118723230
,118742144
,118728001
,118728057
,118728552
,118728639
,118728029
,118728628
,118727902
,118727978
,118723280
,118727800
,118727788
,118728617
,118727928
,118727827
,118728121
,118727813
,118728300
,118728180
,118728173
,118728166
,118728144
,118728005
,118728089
,118727869
,118728076
,118735936
,118742218
,118727922
,118728120
,118728147
,118723317
,118728155
,118727968
,118728160
,118728130
,118727850
,118736099
,118728251
,118723314
,118728045
,118728277
,118728111
,118728340
,118728329
,118727936
,118728105
,118723471
,118728616
,118728218
,118728280
,118728567
,118728291
,118728309
,118728534
,118728320
,118728395
,118728243
,118728826
,118728859
,118728577
,118728227
,118728230
,118728342
,118728443
,118728437
,118728363
,118728378
,118728018
,118728528
,118728535
,118756549
,118728392
,118728433
,118728652
,118728649
,118728408
,118728419
,118728413
,118728591
,118728489
,118728602
,118728844
,118728817
,118728446
,118735834
,118735826
,118735787
,118736083
,118725014
,118735797
,118735802
,118735794
,118749668
,118736012
,118735901
,118735980
,118735930
,118736073
,118736021
,118735949
,118735875
,118735982
,118742245
,118735892
,118749391
,118735924
,118735947
,118736055
,118736046
,118736855
,118736092
,118735768
,118736069
,118735958
,118736843
,118736104
,118735815
,118736013
,118736053
,118736062
,118736854
,118736067
,118742183
,118741923
,118741868
,118741885
,118742339
,118741948
,118742014
,118741959
,118742036
,118742007
,118770944
,118741892
,118741970
,118742105
,118742063
,118741933
,118742154
,118742023
,118741872
,118741934
,118742065
,118742052
,118741859
,118741899
,118742333
,118741994
,118741909
,118742017
,118741983
,118736936
,118742084
,118742121
,118742110
,118742208
,118742129
,118742168
,118742310
,118750217
,118742319
,118742238
,118742178
,118742013
,118742329
,118742189
,118742350
,118742174
,118742163
,118742246
,118742279
,118742268
,118761600
,118742277
,118742230
,118750192
,118905225
,118750171
,118742712
,118748978
,118748928
,118748858
,118742723
,118749211
,118748987
,118749102
,118748927
,118748884
,118742715
,118742826
,118742759
,118742717
,118742748
,119604916
,118749320
,118749071
,118748774
,118748934
,118749302
,118749186
,118748947
,118748996
,118748986
,118749115
,118742766
,118749146
,118749158
,118749355
,118749189
,118749383
,118748958
,118742796
,118748962
,118748856
,118749362
,118748798
,118749085
,118749008
,118749030
,118748691
,118748914
,118748848
,118749171
,118749145
,118742914
,118749059
,118748815
,118748872
,118749131
,118749020
,118749046
,118748970
,118742913
,118749196
,118749120
,118749090
,118749242
,118749268
,118749993
,118749382
,118749343
,118749284
,118749301
,118748795
,118749376
,118742837
,118742873
,118748775
,118748652
,118749312
,118748619
,118748658
,118749414
,118748649
,118748669
,118750121
,118748836
,118749218
,118748764
,118748697
,118750143
,118748741
,118748885
,118748825
,118767001
,118749943
,118750006
,118749351
,118750173
,118749976
,118756119
,118770840
,118749535
,118749513
,118749562
,118749644
,118749547
,118749687
,118749572
,118748719
,118749591
,118749674
,118749744
,118748683
,118749611
,118749711
,118749713
,118749463
,118749652
,118749505
,118749583
,118749620
,118749468
,118749722
,118749517
,118749636
,118750023
,118749493
,118749489
,118756056
,118749539
,118749783
,118749924
,118749759
,118749796
,118749278
,118750007
,118749752
,118749869
,118750062
,118749817
,118749772
,118756421
,118766699
,118750204
,118749607
,119243438
,118749444
,118749691
,118750198
,118750087
,118749782
,118749832
,118749786
,118750215
,118750043
,119595516
,118750039
,118750033
,118749927
,118749735
,118750095
,118749941
,118749968
,118750024
,118750508
,118750052
,118750105
,118750112
,118750517
,118750525
,118756660
,118756157
,118756302
,118756044
,118756665
,118750546
,118755983
,118755818
,118755848
,118756274
,118756745
,118755802
,118755858
,118750687
,118755792
,118755839
,118755920
,118756280
,118755951
,118755961
,118756063
,118756128
,118755812
,119921648
,118750630
,118750596
,118756816
,118756133
,118756204
,118756016
,118756650
,118756267
,118755882
,118755829
,118756191
,118756007
,118756463
,118756225
,118750598
,118755938
,118756717
,118755960
,118756163
,118756612
,118756669
,118756176
,118750655
,118756035
,118756215
,118750663
,118756676
,118756017
,118756436
,118750835
,118756233
,118756037
,118756084
,118756395
,118756372
,118755793
,118756113
,118756294
,118756442
,118756404
,118750656
,118756678
,118756803
,118756536
,118756789
,118756345
,118756857
,118766853
,118756407
,118762060
,118756826
,118756876
,118756327
,118756322
,118756316
,118756798
,118756792
,118756848
,118756556
,118756856
,118756484
,118756574
,118756271
,118756512
,118756264
,118756279
,118756565
,118756584
,118756526
,118757088
,118756592
,118756621
,118757087
,118757086
,118756643
,118756603
,118756699
,118761611
,118756628
,118757209
,118757110
,118761593
,118762010
,118762176
,118761701
,118761630
,118762120
,118762024
,118762089
,118762075
,118761747
,118761986
,118761710
,118757136
,118761960
,119799997
,118761977
,118757226
,118761604
,118762046
,118761755
,118761524
,118762019
,118761687
,118762053
,118757184
,118762047
,118762080
,118761539
,118761949
,118757201
,118761969
,118762438
,118761732
,118766609
,118761819
,118761866
,118761805
,118761781
,118761515
,118761799
,118761831
,118762104
,118761942
,118761811
,118762167
,118762111
,118762186
,118762119
,118761876
,118761847
,118761885
,118762139
,118762149
,118761863
,118761924
,118761841
,118762144
,118766633
,118761932
,118761936
,118766455
,118766568
,118766988
,118766550
,118762494
,118766539
,118766527
,118766652
,118767021
,118766535
,118762464
,118766533
,118766506
,118766927
,118766649
,118762490
,118766489
,118766458
,118766762
,118766487
,118766493
,118766672
,118766679
,119496646
,118762543
,118762537
,118762633
,118766718
,118770601
,118766599
,118766857
,118766780
,118766821
,118766849
,118766794
,118766767
,118766835
,118767005
,118766858
,118766781
,118766841
,118766845
,118766801
,118766784
,118770878
,118767029
,118766947
,118766982
,118766792
,118766999
,118770511
,119699131
,118766920
,118766555
,118766554
,118766960
,118767033
,118767178
,118766561
,118767037
,118770907
,118770532
,118770502
,118770534
,118770461
,118767193
,118770830
,118770595
,118770745
,118767213
,118770624
,118770482
,118770626
,118767208
,118767333
,118770861
,118770616
,118770650
,118770646
,118770821
,118770689
,118770725
,118770723
,118770703
,118770691
,118770762
,118770507
,118770662
,118770735
,118770784
,118770753
,118770797
,118770656
,118770777
,118770670
,118770600
,118770769
,118770658
,118770628
,118770925
,118770799
,118770812
,118770539
,118770836
,118770681
,118770934
,118771114
,118770884
,118770800
,118770993
,118771223
,118771153
,118771147
,118771370
,118771141
,118771200
,118771251
,118771378